Date,Temperature,,,
2016-01-01,-3.4325,,,
2016-01-02,-2.665,,,
2016-01-03,-2.1775,,,
2016-01-04,-14.0825,,,
2016-01-05,-11.2875,,,
2016-01-06,-5.9925,,,
2016-01-07,-4.07,,,
2016-01-08,-1.2175,,,
2016-01-09,2.7775,,,
2016-01-10,2.005,,,
2016-01-11,-7.49,,,
2016-01-12,-6.1825,,,
2016-01-13,-9.1675,,,
2016-01-14,-6.9625,,,
2016-01-15,-0.3775,,,
2016-01-16,-0.6725,,,
2016-01-17,-6.15,,,
2016-01-18,-9.81,,,
2016-01-19,-9.435,,,
2016-01-20,-6.15,,,
2016-01-21,-8.175,,,
2016-01-22,-8.8225,,,
2016-01-23,-10.42,,,
2016-01-24,-6.6625,,,
2016-01-25,-2.23,,,
2016-01-26,2.1525,,,
2016-01-27,-1.8275,,,
2016-01-28,-1.285,,,
2016-01-29,-5.82,,,
2016-01-30,-2.4475,,,
2016-01-31,3.8675,,,
2016-02-01,2.7575,,,
2016-02-02,-0.645,,,
2016-02-03,5.505,,,
2016-02-04,0.125,,,
2016-02-05,-2.09,,,
2016-02-06,-0.97,,,
2016-02-07,-0.3175,,,
2016-02-08,1.11,,,
2016-02-09,-0.685,,,
2016-02-10,-4.775,,,
2016-02-11,-12.7775,,,
2016-02-12,-8.975,,,
2016-02-13,-18.875,,,
2016-02-14,-19.1375,,,
2016-02-15,-8.765,,,
2016-02-16,-3.905,,,
2016-02-17,-5.6225,,,
2016-02-18,-12.335,,,
2016-02-19,-1.59,,,
2016-02-20,4.9325,,,
2016-02-21,0.9725,,,
2016-02-22,-3.6125,,,
2016-02-23,-2.3575,,,
2016-02-24,-0.9275,,,
2016-02-25,-1.3925,,,
2016-02-26,-9.1375,,,
2016-02-27,-2.6625,,,
2016-02-28,4.08,,,
2016-02-29,1.2575,,,
2016-03-01,-7.4875,,,
2016-03-02,-9.6725,,,
2016-03-03,-10.295,,,
2016-03-04,-7.545,,,
2016-03-05,-7.74,,,
2016-03-06,-6.5675,,,
2016-03-07,3.095,,,
2016-03-08,5.4775,,,
2016-03-09,13.4475,,,
2016-03-10,8.885,,,
2016-03-11,3.695,,,
2016-03-12,6.2975,,,
2016-03-13,5.0975,,,
2016-03-14,5.7125,,,
2016-03-15,7.275,,,
2016-03-16,4.525,,,
2016-03-17,5.225,,,
2016-03-18,1.1175,,,
2016-03-19,-2.725,,,
2016-03-20,-1.825,,,
2016-03-21,-0.965,,,
2016-03-22,0.3,,,
2016-03-23,1.6075,,,
2016-03-24,-1.075,,,
2016-03-25,-1.45,,,
2016-03-26,-0.7,,,
2016-03-27,2.8,,,
2016-03-28,5.65,,,
2016-03-29,1.08575,,,
2016-03-30,4.275,,,
2016-03-31,12.1325,,,
2016-04-01,7.275,,,
2016-04-02,0.7,,,
2016-04-03,-4.8225,,,
2016-04-04,-6.6,,,
2016-04-05,-7.475,,,
2016-04-06,-2.225,,,
2016-04-07,2.15,,,
2016-04-08,-2.25,,,
2016-04-09,-4.325,,,
2016-04-10,-3.6,,,
2016-04-11,4.775,,,
2016-04-12,0.775,,,
2016-04-13,0.6825,,,
2016-04-14,2.65,,,
2016-04-15,5.55,,,
2016-04-16,7.675,,,
2016-04-17,10.7,,,
2016-04-18,14.1,,,
2016-04-19,8.625,,,
2016-04-20,7.425,,,
2016-04-21,9.675,,,
2016-04-22,12.35,,,
2016-04-23,5.1,,,
2016-04-24,5.35,,,
2016-04-25,4.8,,,
2016-04-26,2.95,,,
2016-04-27,4.45,,,
2016-04-28,3.925,,,
2016-04-29,5.775,,,
2016-04-30,7.4,,,
2016-05-01,6.5,,,
2016-05-02,7.125,,,
2016-05-03,8.50775,,,
2016-05-04,8.925,,,
2016-05-05,10.275,,,
2016-05-06,12.595,,,
2016-05-07,11.7,,,
2016-05-08,7.675,,,
2016-05-09,6.5875,,,
2016-05-10,7.8275,,,
2016-05-11,10,,,
2016-05-12,12.675,,,
2016-05-13,14.725,,,
2016-05-14,8.275,,,
2016-05-15,3.1,,,
2016-05-16,7.225,,,
2016-05-17,8.625,,,
2016-05-18,8.8,,,
2016-05-19,11.8,,,
2016-05-20,13.775,,,
2016-05-21,14.55,,,
2016-05-22,13.225,,,
2016-05-23,16,,,
2016-05-24,18.325,,,
2016-05-25,20.3,,,
2016-05-26,19.5075,,,
2016-05-27,21.605,,,
2016-05-28,22.575,,,
2016-05-29,22.175,,,
2016-05-30,19.875,,,
2016-05-31,17.6,,,
2016-06-01,14.05,,,
2016-06-02,18.625,,,
2016-06-03,17.275,,,
2016-06-04,17.375,,,
2016-06-05,18.45,,,
2016-06-06,17.05,,,
2016-06-07,13.75,,,
2016-06-08,9.9,,,
2016-06-09,11.675,,,
2016-06-10,14.45,,,
2016-06-11,19.875,,,
2016-06-12,14.875,,,
2016-06-13,12.975,,,
2016-06-14,13.9,,,
2016-06-15,15.1,,,
2016-06-16,18.1,,,
2016-06-17,20.925,,,
2016-06-18,21.475,,,
2016-06-19,22.7,,,
2016-06-20,23.95,,,
2016-06-21,17.75,,,
2016-06-22,17,,,
2016-06-23,15.975,,,
2016-06-24,18.425,,,
2016-06-25,19.55,,,
2016-06-26,22.325,,,
2016-06-27,23.425,,,
2016-06-28,17.4,,,
2016-06-29,18.05,,,
2016-06-30,18.425,,,
2016-07-01,17.125,,,
2016-07-02,17.475,,,
2016-07-03,19.475,,,
2016-07-04,19.75,,,
2016-07-05,22,,,
2016-07-06,23.9,,,
2016-07-07,23.875,,,
2016-07-08,21.475,,,
2016-07-09,19.6,,,
2016-07-10,20.125,,,
2016-07-11,20.075,,,
2016-07-12,22.85,,,
2016-07-13,25.775,,,
2016-07-14,24.9,,,
2016-07-15,20.75,,,
2016-07-16,17.4,,,
2016-07-17,19.55,,,
2016-07-18,23.9,,,
2016-07-19,19.275,,,
2016-07-20,19.575,,,
2016-07-21,25.7,,,
2016-07-22,27.15,,,
2016-07-23,25.55,,,
2016-07-24,23.125,,,
2016-07-25,24.775,,,
2016-07-26,22.85,,,
2016-07-27,24.3,,,
2016-07-28,22.675,,,
2016-07-29,20.775,,,
2016-07-30,20.25,,,
2016-07-31,20.75,,,
2016-08-01,21.625,,,
2016-08-02,22.775,,,
2016-08-03,22.7,,,
2016-08-04,24.3,,,
2016-08-05,25.35,,,
2016-08-06,21.7,,,
2016-08-07,21.35,,,
2016-08-08,20.3,,,
2016-08-09,21.85,,,
2016-08-10,26.4475,,,
2016-08-11,26.275,,,
2016-08-12,27.05,,,
2016-08-13,24.925,,,
2016-08-14,22.725,,,
2016-08-15,21.2,,,
2016-08-16,21.15,,,
2016-08-17,20.1,,,
2016-08-18,21.8,,,
2016-08-19,22.8,,,
2016-08-20,24.05,,,
2016-08-21,21.275,,,
2016-08-22,16.8,,,
2016-08-23,19.85,,,
2016-08-24,21.9,,,
2016-08-25,24.125,,,
2016-08-26,22.275,,,
2016-08-27,20.3,,,
2016-08-28,22.425,,,
2016-08-29,19.35,,,
2016-08-30,21.425,,,
2016-08-31,21.575,,,
2016-09-01,17.075,,,
2016-09-02,15.75,,,
2016-09-03,15.7,,,
2016-09-04,16.525,,,
2016-09-05,18.975,,,
2016-09-06,23.05,,,
2016-09-07,25,,,
2016-09-08,24.425,,,
2016-09-09,22.175,,,
2016-09-10,21.925,,,
2016-09-11,17.225,,,
2016-09-12,15.925,,,
2016-09-13,19.2,,,
2016-09-14,16.77,,,
2016-09-15,12.5125,,,
2016-09-16,15.3025,,,
2016-09-17,19.4425,,,
2016-09-18,20.06,,,
2016-09-19,19.38,,,
2016-09-20,20.6,,,
2016-09-21,19.575,,,
2016-09-22,20.35,,,
2016-09-23,16,,,
2016-09-24,11.15,,,
2016-09-25,11.25,,,
2016-09-26,14.05,,,
2016-09-27,13.585,,,
2016-09-28,15.1725,,,
2016-09-29,14.4525,,,
2016-09-30,15.55,,,
2016-10-01,14.03,,,
2016-10-02,16.075,,,
2016-10-03,13.75,,,
2016-10-04,14.99,,,
2016-10-05,14.985,,,
2016-10-06,16.3925,,,
2016-10-07,16.03,,,
2016-10-08,13.57,,,
2016-10-09,8.2475,,,
2016-10-10,5.6225,,,
2016-10-11,8.5925,,,
2016-10-12,14.0925,,,
2016-10-13,11.435,,,
2016-10-14,7.6925,,,
2016-10-15,11.4775,,,
2016-10-16,17.15,,,
2016-10-17,16.435,,,
2016-10-18,19.3525,,,
2016-10-19,13.26,,,
2016-10-20,12.32,,,
2016-10-21,8.3025,,,
2016-10-22,4.5725,,,
2016-10-23,6.8175,,,
2016-10-24,6.525,,,
2016-10-25,3.2975,,,
2016-10-26,1.2,,,
2016-10-27,2.7425,,,
2016-10-28,2.755,,,
2016-10-29,12.055,,,
2016-10-30,7.2,,,
2016-10-31,3.6275,,,
2016-11-01,9.6875,,,
2016-11-02,13.7125,,,
2016-11-03,10.3775,,,
2016-11-04,5.4575,,,
2016-11-05,9.0425,,,
2016-11-06,7.645,,,
2016-11-07,8.345,,,
2016-11-08,9.955,,,
2016-11-09,6.1125,,,
2016-11-10,7.26,,,
2016-11-11,5.4275,,,
2016-11-12,2.5225,,,
2016-11-13,6.2925,,,
2016-11-14,6.905,,,
2016-11-15,5.735,,,
2016-11-16,7.66,,,
2016-11-17,6.135,,,
2016-11-18,9.67,,,
2016-11-19,7.7275,,,
2016-11-20,-0.3025,,,
2016-11-21,-1.9125,,,
2016-11-22,-2.2975,,,
2016-11-23,-2.8425,,,
2016-11-24,1.445,,,
2016-11-25,2.4725,,,
2016-11-26,2.9425,,,
2016-11-27,2.21,,,
2016-11-28,3.9075,,,
2016-11-29,8.82,,,
2016-11-30,8.7425,,,
2016-12-01,5.015,,,
2016-12-02,3.1725,,,
2016-12-03,2.2575,,,
2016-12-04,0.9125,,,
2016-12-05,1.04,,,
2016-12-06,0.6425,,,
2016-12-07,0.9,,,
2016-12-08,-1.6575,,,
2016-12-09,-4.05,,,
2016-12-10,-5.0025,,,
2016-12-11,-5.17,,,
2016-12-12,-1.17,,,
2016-12-13,-5.5525,,,
2016-12-14,-10.2975,,,
2016-12-15,-11.0175,,,
2016-12-16,-10.49,,,
2016-12-17,-3.765,,,
2016-12-18,-7.305,,,
2016-12-19,-14.4175,,,
2016-12-20,-8.2675,,,
2016-12-21,-2.61,,,
2016-12-22,-1.7875,,,
2016-12-23,-1.4175,,,
2016-12-24,0.9325,,,
2016-12-25,-1.8575,,,
2016-12-26,1.8025,,,
2016-12-27,0.4575,,,
2016-12-28,-2.21,,,
2016-12-29,-0.745,,,
2016-12-30,-3.435,,,
2016-12-31,-1.7175,,,
2017-01-01,-3.095,,,
2017-01-02,-1.6925,,,
2017-01-03,1.08,,,
2017-01-04,-2.675,,,
2017-01-05,-8.7975,,,
2017-01-06,-11.6975,,,
2017-01-07,-11.68,,,
2017-01-08,-11.665,,,
2017-01-09,-8.1125,,,
2017-01-10,-2.21,,,
2017-01-11,1.6225,,,
2017-01-12,1.76,,,
2017-01-13,-4.5575,,,
2017-01-14,-7.265,,,
2017-01-15,-4.985,,,
2017-01-16,-3.55,,,
2017-01-17,-0.4075,,,
2017-01-18,0.5625,,,
2017-01-19,0.565,,,
2017-01-20,-0.265,,,
2017-01-21,1.8775,,,
2017-01-22,3.0125,,,
2017-01-23,1.02,,,
2017-01-24,-0.2175,,,
2017-01-25,1.29,,,
2017-01-26,1.3475,,,
2017-01-27,-1.21,,,
2017-01-28,-1.96,,,
2017-01-29,-4.95,,,
2017-01-30,-8.5875,,,
2017-01-31,-5.285,,,
2017-02-01,-2.4475,,,
2017-02-02,-6.895,,,
2017-02-03,-8.9825,,,
2017-02-04,-7.7175,,,
2017-02-05,-3.125,,,
2017-02-06,-4.0375,,,
2017-02-07,-1.2125,,,
2017-02-08,-2.3275,,,
2017-02-09,-9.7975,,,
2017-02-10,-7.4825,,,
2017-02-11,-1.5225,,,
2017-02-12,-1.885,,,
2017-02-13,-4.4375,,,
2017-02-14,-2.5125,,,
2017-02-15,-3.0925,,,
2017-02-16,-7.6875,,,
2017-02-17,-6.9,,,
2017-02-18,1.2925,,,
2017-02-19,4.28,,,
2017-02-20,0.39,,,
2017-02-21,2.4,,,
2017-02-22,4.5275,,,
2017-02-23,9.91,,,
2017-02-24,1.6275,,,
2017-02-25,3.4225,,,
2017-02-26,-1.83,,,
2017-02-27,1.1525,,,
2017-02-28,3.1575,,,
2017-03-01,9.0475,,,
2017-03-02,-5.4975,,,
2017-03-03,-7.06,,,
2017-03-04,-9.5875,,,
2017-03-05,-7.8275,,,
2017-03-06,-0.205,,,
2017-03-07,8.0875,,,
2017-03-08,3.8475,,,
2017-03-09,-0.7525,,,
2017-03-10,-5.7475,,,
2017-03-11,-9.5075,,,
2017-03-12,-10.1925,,,
2017-03-13,-9.555,,,
2017-03-14,-10.5425,,,
2017-03-15,-8.45,,,
2017-03-16,-5.6,,,
2017-03-17,-2.275,,,
2017-03-18,-0.195,,,
2017-03-19,0.3625,,,
2017-03-20,2.60225,,,
2017-03-21,3.1625,,,
2017-03-22,-5.6975,,,
2017-03-23,-3.425,,,
2017-03-24,2.4,,,
2017-03-25,1.6,,,
2017-03-26,1.85,,,
2017-03-27,8.925,,,
2017-03-28,5.825,,,
2017-03-29,3.575,,,
2017-03-30,1.1,,,
2017-03-31,1.7,,,
2017-04-01,3.075,,,
2017-04-02,6.25,,,
2017-04-03,6.85,,,
2017-04-04,8,,,
2017-04-05,5.0025,,,
2017-04-06,4.075,,,
2017-04-07,0.075,,,
2017-04-08,2.975,,,
2017-04-09,8.975,,,
2017-04-10,15.2,,,
2017-04-11,14.375,,,
2017-04-12,5.35,,,
2017-04-13,5.15,,,
2017-04-14,6.825,,,
2017-04-15,10.65,,,
2017-04-16,16.5,,,
2017-04-17,8.1,,,
2017-04-18,2.825,,,
2017-04-19,9.75,,,
2017-04-20,5.225,,,
2017-04-21,7.25,,,
2017-04-22,6.65,,,
2017-04-23,9.225,,,
2017-04-24,6.8525,,,
2017-04-25,7.15,,,
2017-04-26,10.65,,,
2017-04-27,14.75,,,
2017-04-28,11.1,,,
2017-04-29,9.1,,,
2017-04-30,4.125,,,
2017-05-01,5.5,,,
2017-05-02,8.09125,,,
2017-05-03,6.375,,,
2017-05-04,5.025,,,
2017-05-05,5.55,,,
2017-05-06,5.4,,,
2017-05-07,4.75,,,
2017-05-08,4.25,,,
2017-05-09,5.325,,,
2017-05-10,5.775,,,
2017-05-11,6.975,,,
2017-05-12,8.675,,,
2017-05-13,10.425,,,
2017-05-14,9.3,,,
2017-05-15,10.275,,,
2017-05-16,10.075,,,
2017-05-17,18.475,,,
2017-05-18,21.6,,,
2017-05-19,11.2,,,
2017-05-20,9.425,,,
2017-05-21,11.9625,,,
2017-05-22,13.2,,,
2017-05-23,13.775,,,
2017-05-24,14.325,,,
2017-05-25,11.375,,,
2017-05-26,13.155,,,
2017-05-27,13.77,,,
2017-05-28,13.4775,,,
2017-05-29,16.5,,,
2017-05-30,15.705,,,
2017-05-31,14.6525,,,
2017-06-01,11.6375,,,
2017-06-02,11.8,,,
2017-06-03,13.425,,,
2017-06-04,13.275,,,
2017-06-05,12.625,,,
2017-06-06,12.75,,,
2017-06-07,13.1,,,
2017-06-08,15.675,,,
2017-06-09,17.15,,,
2017-06-10,19.375,,,
2017-06-11,23.175,,,
2017-06-12,23.45,,,
2017-06-13,20.95,,,
2017-06-14,16.65,,,
2017-06-15,16.225,,,
2017-06-16,21.15,,,
2017-06-17,22.775,,,
2017-06-18,22.075,,,
2017-06-19,18.9,,,
2017-06-20,16.95,,,
2017-06-21,15.775,,,
2017-06-22,16.8,,,
2017-06-23,20.6,,,
2017-06-24,17.375,,,
2017-06-25,15.55,,,
2017-06-26,14.025,,,
2017-06-27,13.4,,,
2017-06-28,16.7,,,
2017-06-29,18.775,,,
2017-06-30,21.55,,,
2017-07-01,20.75,,,
2017-07-02,18.2,,,
2017-07-03,17.525,,,
2017-07-04,17.95,,,
2017-07-05,18.85,,,
2017-07-06,20.85,,,
2017-07-07,21.4,,,
2017-07-08,17.85,,,
2017-07-09,19.225,,,
2017-07-10,20,,,
2017-07-11,21.45,,,
2017-07-12,21.975,,,
2017-07-13,16.55,,,
2017-07-14,19.875,,,
2017-07-15,19.6,,,
2017-07-16,20.5,,,
2017-07-17,19.875,,,
2017-07-18,20.425,,,
2017-07-19,22.5645,,,
2017-07-20,20.81,,,
2017-07-21,22.8405,,,
2017-07-22,20.338,,,
2017-07-23,21.2205,,,
2017-07-24,18.10075,,,
2017-07-25,17.833,,,
2017-07-26,18.302,,,
2017-07-27,20.18275,,,
2017-07-28,18.1375,,,
2017-07-29,19.28525,,,
2017-07-30,22.089,,,
2017-07-31,22.495,,,
2017-08-01,22.75025,,,
2017-08-02,22.686,,,
2017-08-03,22.039,,,
2017-08-04,20.976,,,
2017-08-05,16.40275,,,
2017-08-06,18.025,,,
2017-08-07,17.6535,,,
2017-08-08,18.3175,,,
2017-08-09,20.957,,,
2017-08-10,20.869,,,
2017-08-11,20.3465,,,
2017-08-12,19.02525,,,
2017-08-13,19.37175,,,
2017-08-14,19.925,,,
2017-08-15,19.95,,,
2017-08-16,18.76925,,,
2017-08-17,19.027,,,
2017-08-18,21.44,,,
2017-08-19,18.73475,,,
2017-08-20,20.706,,,
2017-08-21,23.0365,,,
2017-08-22,20.90425,,,
2017-08-23,16.898,,,
2017-08-24,14.80375,,,
2017-08-25,14.57525,,,
2017-08-26,15.16675,,,
2017-08-27,16.582,,,
2017-08-28,18.691,,,
2017-08-29,18.6,,,
2017-08-30,18.15125,,,
2017-08-31,14.67,,,
2017-09-01,11.46225,,,
2017-09-02,13.44525,,,
2017-09-03,16.1785,,,
2017-09-04,20.00025,,,
2017-09-05,15.40625,,,
2017-09-06,14.13925,,,
2017-09-07,12.67525,,,
2017-09-08,12.055,,,
2017-09-09,10.89425,,,
2017-09-10,12.632,,,
2017-09-11,14.93725,,,
2017-09-12,16.6395,,,
2017-09-13,17.946,,,
2017-09-14,20.023,,,
2017-09-15,20.575,,,
2017-09-16,20.82925,,,
2017-09-17,21.11525,,,
2017-09-18,21.2,,,
2017-09-19,20.4895,,,
2017-09-20,20.52,,,
2017-09-21,20.64425,,,
2017-09-22,20.937,,,
2017-09-23,23.5395,,,
2017-09-24,24.833,,,
2017-09-25,24.6435,,,
2017-09-26,24.8195,,,
2017-09-27,20.551,,,
2017-09-28,12.36875,,,
2017-09-29,11.6065,,,
2017-09-30,8.58875,,,
2017-10-01,10.31825,,,
2017-10-02,12.7205,,,
2017-10-03,16.32975,,,
2017-10-04,19.973,,,
2017-10-05,14.45075,,,
2017-10-06,15.67725,,,
2017-10-07,19.52475,,,
2017-10-08,20.03525,,,
2017-10-09,17.90525,,,
2017-10-10,16.2495,,,
2017-10-11,9.71225,,,
2017-10-12,10.25725,,,
2017-10-13,14.681,,,
2017-10-14,15.35625,,,
2017-10-15,16.42725,,,
2017-10-16,6.6075,,,
2017-10-17,10.08475,,,
2017-10-18,13.456,,,
2017-10-19,13.87,,,
2017-10-20,13.38275,,,
2017-10-21,15.0065,,,
2017-10-22,15.4885,,,
2017-10-23,16.46125,,,
2017-10-24,12.259,,,
2017-10-25,7.39125,,,
2017-10-26,5.62425,,,
2017-10-27,8.55525,,,
2017-10-28,8.00225,,,
2017-10-29,4.99975,,,
2017-10-30,5.91725,,,
2017-10-31,3.87025,,,
2017-11-01,4.6135,,,
2017-11-02,9.94125,,,
2017-11-03,7.90075,,,
2017-11-04,4.6385,,,
2017-11-05,11.52625,,,
2017-11-06,6.9505,,,
2017-11-07,3.32375,,,
2017-11-08,2.8725,,,
2017-11-09,3.3475,,,
2017-11-10,-6.6035,,,
2017-11-11,-4.57475,,,
2017-11-12,0.915,,,
2017-11-13,2.54775,,,
2017-11-14,2.54,,,
2017-11-15,3.5995,,,
2017-11-16,4.78925,,,
2017-11-17,-0.32725,,,
2017-11-18,5.13725,,,
2017-11-19,0.92125,,,
2017-11-20,0.9525,,,
2017-11-21,5.90525,,,
2017-11-22,-0.6495,,,
2017-11-23,-0.14,,,
2017-11-24,3.9235,,,
2017-11-25,6.687,,,
2017-11-26,1.0575,,,
2017-11-27,0.746,,,
2017-11-28,6.65125,,,
2017-11-29,4.45975,,,
2017-11-30,2.32025,,,
2017-12-01,2.9295,,,
2017-12-02,3.236,,,
2017-12-03,3.8935,,,
2017-12-04,4.34875,,,
2017-12-05,8.22175,,,
2017-12-06,-0.038,,,
2017-12-07,-1.6065,,,
2017-12-08,-2.53175,,,
2017-12-09,-1.95125,,,
2017-12-10,-2.52025,,,
2017-12-11,-4.7525,,,
2017-12-12,-5.13575,,,
2017-12-13,-10.25475,,,
2017-12-14,-11.337,,,
2017-12-15,-7.6755,,,
2017-12-16,-7.0915,,,
2017-12-17,-9.67825,,,
2017-12-18,-0.5775,,,
2017-12-19,2.88175,,,
2017-12-20,-1.29575,,,
2017-12-21,-4.416,,,
2017-12-22,-6.122,,,
2017-12-23,-3.1555,,,
2017-12-24,-4.94175,,,
2017-12-25,-7.1805,,,
2017-12-26,-14.62275,,,
2017-12-27,-16.30925,,,
2017-12-28,-19.493,,,
2017-12-29,-14.4275,,,
2017-12-30,-12.322,,,
2017-12-31,-20.0305,,,
2018-01-01,-15.30975,,,
2018-01-02,-10.989,,,
2018-01-03,-12.32475,,,
2018-01-04,-13.3185,,,
2018-01-05,-19.031,,,
2018-01-06,-19.77825,,,
2018-01-07,-13.78,,,
2018-01-08,-1.05675,,,
2018-01-09,-3.24925,,,
2018-01-10,-3.108,,,
2018-01-11,6.22975,,,
2018-01-12,0.51275,,,
2018-01-13,-13.127,,,
2018-01-14,-10.68975,,,
2018-01-15,-8.866,,,
2018-01-16,-6.99275,,,
2018-01-17,-8.46625,,,
2018-01-18,-6.2325,,,
2018-01-19,-3.29425,,,
2018-01-20,1.494,,,
2018-01-21,0.813,,,
2018-01-22,0.524,,,
2018-01-23,1.041,,,
2018-01-24,-6.997,,,
2018-01-25,-7.3385,,,
2018-01-26,-1.8135,,,
2018-01-27,4.63325,,,
2018-01-28,1.01075,,,
2018-01-29,-2.97475,,,
2018-01-30,-10.2575,,,
2018-01-31,-6.63875,,,
2018-02-01,-2.52075,,,
2018-02-02,-11.9715,,,
2018-02-03,-8.4705,,,
2018-02-04,-3.02275,,,
2018-02-05,-11.467,,,
2018-02-06,-9.75825,,,
2018-02-07,-9.5395,,,
2018-02-08,-11.14,,,
2018-02-09,-9.46325,,,
2018-02-10,-8.014,,,
2018-02-11,-5.7355,,,
2018-02-12,-7.857,,,
2018-02-13,-10.00475,,,
2018-02-14,-2.911,,,
2018-02-15,3.32575,,,
2018-02-16,-1.52525,,,
2018-02-17,-4.4125,,,
2018-02-18,-1.74825,,,
2018-02-19,0.666,,,
2018-02-20,9.246,,,
2018-02-21,6.10525,,,
2018-02-22,-0.98775,,,
2018-02-23,0.80925,,,
2018-02-24,1.3155,,,
2018-02-25,3.99325,,,
2018-02-26,2.345,,,
2018-02-27,5.464,,,
2018-02-28,7.4655,,,
2018-03-01,1.66,,,
2018-03-02,-0.163,,,
2018-03-03,-1.093,,,
2018-03-04,-2.23125,,,
2018-03-05,-2.51875,,,
2018-03-06,-0.90925,,,
2018-03-07,0.0425,,,
2018-03-08,-1.971,,,
2018-03-09,-1.01775,,,
2018-03-10,-1.51875,,,
2018-03-11,-1.725,,,
2018-03-12,-2.0405,,,
2018-03-13,-1.9735,,,
2018-03-14,-1.9435,,,
2018-03-15,-1.0685,,,
2018-03-16,-4.62575,,,
2018-03-17,-1.7545,,,
2018-03-18,0.28275,,,
2018-03-19,-3.195,,,
2018-03-20,-2.23425,,,
2018-03-21,-0.98325,,,
2018-03-22,-0.99825,,,
2018-03-23,-1.1035,,,
2018-03-24,-2.64025,,,
2018-03-25,-2.6865,,,
2018-03-26,2.45525,,,
2018-03-27,3.45975,,,
2018-03-28,4.70425,,,
2018-03-29,2.767,,,
2018-03-30,2.1235,,,
2018-03-31,3.29625,,,
2018-04-01,-0.70475,,,
2018-04-02,1.0555,,,
2018-04-03,2.29175,,,
2018-04-04,0.44475,,,
2018-04-05,-2.423,,,
2018-04-06,-0.17875,,,
2018-04-07,-2.9905,,,
2018-04-08,-3.03475,,,
2018-04-09,-1.35775,,,
2018-04-10,0.59725,,,
2018-04-11,1.48575,,,
2018-04-12,3.79125,,,
2018-04-13,2.13975,,,
2018-04-14,-1.127,,,
2018-04-15,-3.38825,,,
2018-04-16,2.534,,,
2018-04-17,-0.8815,,,
2018-04-18,0.81625,,,
2018-04-19,-0.20925,,,
2018-04-20,0.51975,,,
2018-04-21,4.72025,,,
2018-04-22,7.8595,,,
2018-04-23,10.3705,,,
2018-04-24,11.98825,,,
2018-04-25,8.15875,,,
2018-04-26,7.00825,,,
2018-04-27,8.72,,,
2018-04-28,4.50575,,,
2018-04-29,3.9355,,,
2018-04-30,9.09575,,,
2018-05-01,16.01175,,,
2018-05-02,20.7595,,,
2018-05-03,17.48325,,,
2018-05-04,12.33875,,,
2018-05-05,15.44775,,,
2018-05-06,14.03125,,,
2018-05-07,11.69375,,,
2018-05-08,13.46625,,,
2018-05-09,16.18725,,,
2018-05-10,16.0095,,,
2018-05-11,7.154,,,
2018-05-12,9.21775,,,
2018-05-13,11.641,,,
2018-05-14,16.09875,,,
2018-05-15,16.14275,,,
2018-05-16,13.87125,,,
2018-05-17,16.29825,,,
2018-05-18,11.7815,,,
2018-05-19,12.57025,,,
2018-05-20,14.8565,,,
2018-05-21,13.487,,,
2018-05-22,14.347,,,
2018-05-23,16.08475,,,
2018-05-24,18.95925,,,
2018-05-25,21.0675,,,
2018-05-26,21.681,,,
2018-05-27,19.32275,,,
2018-05-28,22.44625,,,
2018-05-29,21.11975,,,
2018-05-30,20.911,,,
2018-05-31,23.07175,,,
2018-06-01,21.12425,,,
2018-06-02,16.08425,,,
2018-06-03,17.06925,,,
2018-06-04,14.66825,,,
2018-06-05,12.38275,,,
2018-06-06,12.012,,,
2018-06-07,15.92,,,
2018-06-08,16.88025,,,
2018-06-09,16.416,,,
2018-06-10,16.73775,,,
2018-06-11,16.5265,,,
2018-06-12,18.49225,,,
2018-06-13,20.059,,,
2018-06-14,17.4135,,,
2018-06-15,18.22975,,,
2018-06-16,20.619,,,
2018-06-17,23.8735,,,
2018-06-18,24.48975,,,
2018-06-19,18.85475,,,
2018-06-20,19.0575,,,
2018-06-21,17.485,,,
2018-06-22,16.975,,,
2018-06-23,18.2,,,
2018-06-24,16.86525,,,
2018-06-25,15.975,,,
2018-06-26,16.6845,,,
2018-06-27,18.90275,,,
2018-06-28,21.9515,,,
2018-06-29,24.1455,,,
2018-06-30,26.7085,,,
2018-07-01,27.1305,,,
2018-07-02,25.84675,,,
2018-07-03,23.679,,,
2018-07-04,24.8945,,,
2018-07-05,26.42675,,,
2018-07-06,18.12275,,,
2018-07-07,19.1305,,,
2018-07-08,21.188,,,
2018-07-09,22.4705,,,
2018-07-10,22.66625,,,
2018-07-11,20.377,,,
2018-07-12,21.817,,,
2018-07-13,24.46075,,,
2018-07-14,22.975,,,
2018-07-15,24.27,,,
2018-07-16,24.48125,,,
2018-07-17,21.1065,,,
2018-07-18,18.743,,,
2018-07-19,19.38775,,,
2018-07-20,23.53025,,,
2018-07-21,22.97,,,
2018-07-22,18.529,,,
2018-07-23,23.05,,,
2018-07-24,23.58625,,,
2018-07-25,22.46125,,,
2018-07-26,21.73075,,,
2018-07-27,20.148,,,
2018-07-28,18.3365,,,
2018-07-29,19.00675,,,
2018-07-30,20.575,,,
2018-07-31,21.5745,,,
2018-08-01,22.0475,,,
2018-08-02,21.775,,,
2018-08-03,22.775,,,
2018-08-04,23.525,,,
2018-08-05,25.13175,,,
2018-08-06,25.99775,,,
2018-08-07,23.18075,,,
2018-08-08,21.603,,,
2018-08-09,21.3895,,,
2018-08-10,19.95375,,,
2018-08-11,21.063,,,
2018-08-12,21.97025,,,
2018-08-13,22.317,,,
2018-08-14,23.43375,,,
2018-08-15,24.253,,,
2018-08-16,24.0295,,,
2018-08-17,23.53175,,,
2018-08-18,21.39625,,,
2018-08-19,20.904,,,
2018-08-20,21.885,,,
2018-08-21,21.6355,,,
2018-08-22,18.1825,,,
2018-08-23,18.8,,,
2018-08-24,20.43225,,,
2018-08-25,21.18625,,,
2018-08-26,22.61025,,,
2018-08-27,22.747,,,
2018-08-28,25.619,,,
2018-08-29,24.222,,,
2018-08-30,16.79675,,,
2018-08-31,17.891,,,
2018-09-01,22.20125,,,
2018-09-02,24.2415,,,
2018-09-03,25.0005,,,
2018-09-04,22.67825,,,
2018-09-05,25.8135,,,
2018-09-06,20.76625,,,
2018-09-07,17.81225,,,
2018-09-08,13.925,,,
2018-09-09,13.71025,,,
2018-09-10,14.40375,,,
2018-09-11,16.344,,,
2018-09-12,17.6165,,,
2018-09-13,19.72575,,,
2018-09-14,22.504,,,
2018-09-15,23.36625,,,
2018-09-16,23.1845,,,
2018-09-17,22.2605,,,
2018-09-18,19.89925,,,
2018-09-19,15.68975,,,
2018-09-20,16.28725,,,
2018-09-21,22.57125,,,
2018-09-22,12.72,,,
2018-09-23,13.09575,,,
2018-09-24,15.501,,,
2018-09-25,18.29475,,,
2018-09-26,17.4325,,,
2018-09-27,12.694,,,
2018-09-28,14.193,,,
2018-09-29,10.911,,,
2018-09-30,9.571,,,
2018-10-01,8.3065,,,
2018-10-02,9.8525,,,
2018-10-03,11.8855,,,
2018-10-04,16.43525,,,
2018-10-05,8.60125,,,
2018-10-06,15.10875,,,
2018-10-07,13.43925,,,
2018-10-08,13.225,,,
2018-10-09,20.72475,,,
2018-10-10,21.02225,,,
2018-10-11,17.23275,,,
2018-10-12,7.24225,,,
2018-10-13,5.78775,,,
2018-10-14,8.022,,,
2018-10-15,8.7085,,,
2018-10-16,5.74325,,,
2018-10-17,5.514,,,
2018-10-18,2.32725,,,
2018-10-19,8.80225,,,
2018-10-20,7.59775,,,
2018-10-21,2.66275,,,
2018-10-22,5.73575,,,
2018-10-23,5.04225,,,
2018-10-24,2.696,,,
2018-10-25,2.822,,,
2018-10-26,5.5915,,,
2018-10-27,3.61325,,,
2018-10-28,2.2425,,,
2018-10-29,4.549,,,
2018-10-30,4.717,,,
2018-10-31,9.54275,,,
2018-11-01,6.43875,,,
2018-11-02,4.2005,,,
2018-11-03,3.1715,,,
2018-11-04,3.5635,,,
2018-11-05,8.981,,,
2018-11-06,10.35475,,,
2018-11-07,6.2005,,,
2018-11-08,3.12625,,,
2018-11-09,1.84975,,,
2018-11-10,-1.29225,,,
2018-11-11,-1.09075,,,
2018-11-12,1.10875,,,
2018-11-13,-1.262,,,
2018-11-14,-4.40625,,,
2018-11-15,-1.94425,,,
2018-11-16,0.435,,,
2018-11-17,-1.4635,,,
2018-11-18,-2.66525,,,
2018-11-19,-1.73725,,,
2018-11-20,-2.455,,,
2018-11-21,-4.7925,,,
2018-11-22,-11.49225,,,
2018-11-23,-3.55125,,,
2018-11-24,1.80825,,,
2018-11-25,3.397,,,
2018-11-26,2.8195,,,
2018-11-27,0.003,,,
2018-11-28,-0.75925,,,
2018-11-29,-0.503,,,
2018-11-30,-0.06275,,,
2018-12-01,0.928,,,
2018-12-02,6.25325,,,
2018-12-03,2.13275,,,
2018-12-04,-2.649,,,
2018-12-05,-1.90625,,,
2018-12-06,-1.09725,,,
2018-12-07,-5.44075,,,
2018-12-08,-3.3095,,,
2018-12-09,-2.85475,,,
2018-12-10,-1.49825,,,
2018-12-11,-1.841,,,
2018-12-12,-0.8805,,,
2018-12-13,1.16075,,,
2018-12-14,2.068,,,
2018-12-15,1.1195,,,
2018-12-16,1.2705,,,
2018-12-17,0.64475,,,
2018-12-18,-2.732,,,
2018-12-19,0.43225,,,
2018-12-20,1.90975,,,
2018-12-21,1.982,,,
2018-12-22,-1.5015,,,
2018-12-23,-0.34525,,,
2018-12-24,-0.30075,,,
2018-12-25,-2.614,,,
2018-12-26,-1.44,,,
2018-12-27,-2.0595,,,
2018-12-28,5.7155,,,
2018-12-29,-2.458,,,
2018-12-30,-2.125,,,
2018-12-31,0.123,,,
2019-01-01,-0.483,,,
2019-01-02,-5.557,,,
2019-01-03,-1.06775,,,
2019-01-04,1.22575,,,
2019-01-05,0.639,,,
2019-01-06,-0.8775,,,
2019-01-07,-3.54325,,,
2019-01-08,2.94875,,,
2019-01-09,-1.01475,,,
2019-01-10,-6.54175,,,
2019-01-11,-9.88575,,,
2019-01-12,-7.16,,,
2019-01-13,-8.136,,,
2019-01-14,-5.82625,,,
2019-01-15,-3.0775,,,
2019-01-16,-4.40675,,,
2019-01-17,-7.784,,,
2019-01-18,-3.6295,,,
2019-01-19,-12.31025,,,
2019-01-20,-17.10575,,,
2019-01-21,-17.22675,,,
2019-01-22,-11.15625,,,
2019-01-23,0.53125,,,
2019-01-24,-1.81075,,,
2019-01-25,-7.11975,,,
2019-01-26,-12.111,,,
2019-01-27,-10.27075,,,
2019-01-28,-15.02625,,,
2019-01-29,-8.24925,,,
2019-01-30,-19.67725,,,
2019-01-31,-18.67625,,,
2019-02-01,-17.415,,,
2019-02-02,-7.28825,,,
2019-02-03,1.6925,,,
2019-02-04,5.184,,,
2019-02-05,0.543,,,
2019-02-06,-4.66575,,,
2019-02-07,-3.652,,,
2019-02-08,-2.533,,,
2019-02-09,-7.38125,,,
2019-02-10,-6.66775,,,
2019-02-11,-5.03375,,,
2019-02-12,-5.208,,,
2019-02-13,-3.1865,,,
2019-02-14,-3.1185,,,
2019-02-15,-0.831,,,
2019-02-16,-6.3565,,,
2019-02-17,-9.50725,,,
2019-02-18,-9.871,,,
2019-02-19,-10.792,,,
2019-02-20,-6.295,,,
2019-02-21,0.1805,,,
2019-02-22,-2.80975,,,
2019-02-23,-2.47275,,,
2019-02-24,1.994,,,
2019-02-25,-4.927,,,
2019-02-26,-8.988,,,
2019-02-27,-10.77275,,,
2019-02-28,-11.484,,,
2019-03-01,-6.8585,,,
2019-03-02,-4.6605,,,
2019-03-03,-6.61575,,,
2019-03-04,-11.943,,,
2019-03-05,-13.07875,,,
2019-03-06,-12.34475,,,
2019-03-07,-11.12725,,,
2019-03-08,-8.947,,,
2019-03-09,-4.995,,,
2019-03-10,1.987,,,
2019-03-11,-0.1915,,,
2019-03-12,-2.38075,,,
2019-03-13,-0.25825,,,
2019-03-14,2.81225,,,
2019-03-15,5.7665,,,
2019-03-16,-1.5605,,,
2019-03-17,-3.0275,,,
2019-03-18,-1.46475,,,
2019-03-19,0.45075,,,
2019-03-20,3.186,,,
2019-03-21,4.2135,,,
2019-03-22,0.2405,,,
2019-03-23,-2.50125,,,
2019-03-24,2.9655,,,
2019-03-25,-1.04125,,,
2019-03-26,-0.671,,,
2019-03-27,2.281,,,
2019-03-28,5.817,,,
2019-03-29,5.71525,,,
2019-03-30,2.61975,,,
2019-03-31,-1.0205,,,
2019-04-01,-2.855,,,
2019-04-02,2.22375,,,
2019-04-03,2.971,,,
2019-04-04,0.70975,,,
2019-04-05,2.29325,,,
2019-04-06,6.50675,,,
2019-04-07,8.696,,,
2019-04-08,10.5975,,,
2019-04-09,6.4935,,,
2019-04-10,2.475,,,
2019-04-11,0.4745,,,
2019-04-12,8.77475,,,
2019-04-13,8.89975,,,
2019-04-14,2.80875,,,
2019-04-15,2.64,,,
2019-04-16,3.75125,,,
2019-04-17,6.44825,,,
2019-04-18,13.7395,,,
2019-04-19,8.24425,,,
2019-04-20,4.76825,,,
2019-04-21,7.66525,,,
2019-04-22,11.10575,,,
2019-04-23,10.77125,,,
2019-04-24,6.81075,,,
2019-04-25,9.03025,,,
2019-04-26,7.794,,,
2019-04-27,3.65925,,,
2019-04-28,4.57375,,,
2019-04-29,2.90275,,,
2019-04-30,5.1265,,,
2019-05-01,6.7865,,,
2019-05-02,7.74575,,,
2019-05-03,8.14975,,,
2019-05-04,9.373,,,
2019-05-05,11.03375,,,
2019-05-06,14.3405,,,
2019-05-07,9.45975,,,
2019-05-08,7.45825,,,
2019-05-09,11.51525,,,
2019-05-10,11.211,,,
2019-05-11,7.2025,,,
2019-05-12,7.0925,,,
2019-05-13,5.94925,,,
2019-05-14,8.6115,,,
2019-05-15,11.65125,,,
2019-05-16,10.93425,,,
2019-05-17,12.34725,,,
2019-05-18,9.488,,,
2019-05-19,15.40225,,,
2019-05-20,12.06425,,,
2019-05-21,10.43975,,,
2019-05-22,11.16525,,,
2019-05-23,14.46975,,,
2019-05-24,14.23425,,,
2019-05-25,15.35575,,,
2019-05-26,17.24,,,
2019-05-27,15.03875,,,
2019-05-28,10.0145,,,
2019-05-29,12.08125,,,
2019-05-30,14.1695,,,
2019-05-31,14.00275,,,
2019-06-01,15.88375,,,
2019-06-02,12.6675,,,
2019-06-03,9.55325,,,
2019-06-04,11.99075,,,
2019-06-05,15.69625,,,
2019-06-06,16.98775,,,
2019-06-07,17.2905,,,
2019-06-08,16.9505,,,
2019-06-09,17.43475,,,
2019-06-10,16.28325,,,
2019-06-11,14.605,,,
2019-06-12,15.01,,,
2019-06-13,14.25325,,,
2019-06-14,13.9125,,,
2019-06-15,15.52225,,,
2019-06-16,13.949,,,
2019-06-17,13.23325,,,
2019-06-18,18.45225,,,
2019-06-19,18.19425,,,
2019-06-20,15.9,,,
2019-06-21,15.813,,,
2019-06-22,16.0815,,,
2019-06-23,17.45725,,,
2019-06-24,18.79975,,,
2019-06-25,19.69175,,,
2019-06-26,20.57175,,,
2019-06-27,21.5565,,,
2019-06-28,21.679,,,
2019-06-29,21.0925,,,
2019-06-30,17.5885,,,
2019-07-01,19.23125,,,
2019-07-02,21.5555,,,
2019-07-03,21.45475,,,
2019-07-04,23.01875,,,
2019-07-05,24.86325,,,
2019-07-06,22.98025,,,
2019-07-07,19.53525,,,
2019-07-08,18.71625,,,
2019-07-09,19.718,,,
2019-07-10,22.2595,,,
2019-07-11,22.124,,,
2019-07-12,18.99825,,,
2019-07-13,20.8055,,,
2019-07-14,18.765,,,
2019-07-15,19.5895,,,
2019-07-16,22.67375,,,
2019-07-17,23.0195,,,
2019-07-18,22.988,,,
2019-07-19,25.0285,,,
2019-07-20,26.295,,,
2019-07-21,22.643,,,
2019-07-22,18.99175,,,
2019-07-23,18.228,,,
2019-07-24,17.88575,,,
2019-07-25,20.43025,,,
2019-07-26,22.01325,,,
2019-07-27,21.8665,,,
2019-07-28,23.1735,,,
2019-07-29,23.19875,,,
2019-07-30,21.59925,,,
2019-07-31,18.31475,,,
2019-08-01,18.842,,,
2019-08-02,20.07,,,
2019-08-03,20.927,,,
2019-08-04,19.508,,,
2019-08-05,21.01225,,,
2019-08-06,20.52475,,,
2019-08-07,20.811,,,
2019-08-08,19.87575,,,
2019-08-09,17.6685,,,
2019-08-10,16.8705,,,
2019-08-11,18.84925,,,
2019-08-12,20.6345,,,
2019-08-13,20.35,,,
2019-08-14,17.6615,,,
2019-08-15,17.78875,,,
2019-08-16,19.179,,,
2019-08-17,20.74925,,,
2019-08-18,21.937,,,
2019-08-19,21.13575,,,
2019-08-20,20.7415,,,
2019-08-21,22.44525,,,
2019-08-22,17.32175,,,
2019-08-23,15.137,,,
2019-08-24,15.15675,,,
2019-08-25,17.022,,,
2019-08-26,18.653,,,
2019-08-27,19.052,,,
2019-08-28,19.11625,,,
2019-08-29,17.25,,,
2019-08-30,17.7085,,,
2019-08-31,14.45975,,,
2019-09-01,15.182,,,
2019-09-02,17.334,,,
2019-09-03,17.10125,,,
2019-09-04,17.23375,,,
2019-09-05,14.78,,,
2019-09-06,13.72875,,,
2019-09-07,14.593,,,
2019-09-08,12.2605,,,
2019-09-09,12.0585,,,
2019-09-10,17.13225,,,
2019-09-11,21.123,,,
2019-09-12,14.8925,,,
2019-09-13,16.305,,,
2019-09-14,17.1205,,,
2019-09-15,15.332,,,
2019-09-16,15.6975,,,
2019-09-17,16.33975,,,
2019-09-18,17.08725,,,
2019-09-19,17.16975,,,
2019-09-20,17.84775,,,
2019-09-21,20.1675,,,
2019-09-22,22.284,,,
2019-09-23,20.2955,,,
2019-09-24,15.05825,,,
2019-09-25,17.25025,,,
2019-09-26,15.48275,,,
2019-09-27,14.76625,,,
2019-09-28,16.508,,,
2019-09-29,11.37525,,,
2019-09-30,14.01825,,,
2019-10-01,20.642,,,
2019-10-02,14.60425,,,
2019-10-03,9.29475,,,
2019-10-04,7.537,,,
2019-10-05,8.431,,,
2019-10-06,14.1745,,,
2019-10-07,12.36275,,,
2019-10-08,10.904,,,
2019-10-09,11.05625,,,
2019-10-10,11.259,,,
2019-10-11,13.0035,,,
2019-10-12,11.07025,,,
2019-10-13,8.9265,,,
2019-10-14,6.65325,,,
2019-10-15,7.45225,,,
2019-10-16,9.24825,,,
2019-10-17,7.47825,,,
2019-10-18,5.53175,,,
2019-10-19,5.813,,,
2019-10-20,9.88825,,,
2019-10-21,11.51825,,,
2019-10-22,12.68525,,,
2019-10-23,7.5415,,,
2019-10-24,8.55075,,,
2019-10-25,7.4435,,,
2019-10-26,5.86325,,,
2019-10-27,11.2025,,,
2019-10-28,9.425,,,
2019-10-29,11.03975,,,
2019-10-30,7.67625,,,
2019-10-31,8.03025,,,
2019-11-01,1.876,,,
2019-11-02,2.77825,,,
2019-11-03,1.86825,,,
2019-11-04,6.165,,,
2019-11-05,4.89075,,,
2019-11-06,1.2735,,,
2019-11-07,-0.13725,,,
2019-11-08,-3.80225,,,
2019-11-09,-0.71175,,,
2019-11-10,1.79,,,
2019-11-11,-3.471,,,
2019-11-12,-8.986,,,
2019-11-13,-10.08425,,,
2019-11-14,-3.51825,,,
2019-11-15,-1.66125,,,
2019-11-16,-8.47075,,,
2019-11-17,-3.963,,,
2019-11-18,0.242,,,
2019-11-19,1.02475,,,
2019-11-20,1.871,,,
2019-11-21,2.72225,,,
2019-11-22,2.49875,,,
2019-11-23,0.6035,,,
2019-11-24,1.6885,,,
2019-11-25,3.831,,,
2019-11-26,5.38,,,
2019-11-27,5.08575,,,
2019-11-28,1.2075,,,
2019-11-29,-1.7855,,,
2019-11-30,-2.256,,,
2019-12-01,-2.49,,,
2019-12-02,-2.62425,,,
2019-12-03,-2.933,,,
2019-12-04,-0.4955,,,
2019-12-05,-1.9685,,,
2019-12-06,-2.39025,,,
2019-12-07,-5.20175,,,
2019-12-08,-0.35325,,,
2019-12-09,4.10675,,,
2019-12-10,0.248,,,
2019-12-11,-5.37375,,,
2019-12-12,-5.2675,,,
2019-12-13,-0.13175,,,
2019-12-14,0.88375,,,
2019-12-15,-1.91825,,,
2019-12-16,-2.84375,,,
2019-12-17,-2.589,,,
2019-12-18,-7.51575,,,
2019-12-19,-10.31625,,,
2019-12-20,-7.41225,,,
2019-12-21,-3.10525,,,
2019-12-22,1.36475,,,
2019-12-23,2.90325,,,
2019-12-24,-1.60325,,,
2019-12-25,-0.70575,,,
2019-12-26,0.61875,,,
2019-12-27,4.49675,,,
2019-12-28,0.8795,,,
2019-12-29,0.38725,,,
2019-12-30,3.127,,,
2019-12-31,-0.6655,,,
2020-01-01,-2.4345,,,
2020-01-02,1.803,,,
2020-01-03,2.74,,,
2020-01-04,-0.3035,,,
2020-01-05,-1.86825,,,
2020-01-06,-0.7945,,,
2020-01-07,-1.91575,,,
2020-01-08,-5.38025,,,
2020-01-09,-7.6335,,,
2020-01-10,3.19075,,,
2020-01-11,3.367,,,
2020-01-12,-6.05925,,,
2020-01-13,-3.07075,,,
2020-01-14,-0.8095,,,
2020-01-15,-0.2215,,,
2020-01-16,-2.3605,,,
2020-01-17,-12.274,,,
2020-01-18,-4.95025,,,
2020-01-19,-5.5845,,,
2020-01-20,-11.76025,,,
2020-01-21,-7.16725,,,
2020-01-22,-4.47075,,,
2020-01-23,-2.58,,,
2020-01-24,-0.9655,,,
2020-01-25,1.50125,,,
2020-01-26,0.697,,,
2020-01-27,-0.84925,,,
2020-01-28,-1.89025,,,
2020-01-29,-5.61575,,,
2020-01-30,-4.78,,,
2020-01-31,-3.179,,,
2020-02-01,-2.9635,,,
2020-02-02,-1.11475,,,
2020-02-03,0.9325,,,
2020-02-04,-0.41625,,,
2020-02-05,-6.193,,,
2020-02-06,-5.11275,,,
2020-02-07,-7.09875,,,
2020-02-08,-12.974,,,
2020-02-09,-6.117,,,
2020-02-10,-1.31025,,,
2020-02-11,-2.142,,,
2020-02-12,-3.4705,,,
2020-02-13,-5.32975,,,
2020-02-14,-15.3885,,,
2020-02-15,-8.10525,,,
2020-02-16,-2.15425,,,
2020-02-17,-5.71175,,,
2020-02-18,0.0265,,,
2020-02-19,-5.15175,,,
2020-02-20,-8.578,,,
2020-02-21,-7.152,,,
2020-02-22,-2.57475,,,
2020-02-23,0.6445,,,
2020-02-24,2.18275,,,
2020-02-25,0.4185,,,
2020-02-26,-1.681,,,
2020-02-27,-5.373,,,
2020-02-28,-7.0465,,,
2020-02-29,-10.67925,,,
2020-03-01,-5.44425,,,
2020-03-02,1.913,,,
2020-03-03,0.30225,,,
2020-03-04,0.6885,,,
2020-03-05,-0.735,,,
2020-03-06,-0.85725,,,
2020-03-07,-4.29925,,,
2020-03-08,2.8415,,,
2020-03-09,9.188,,,
2020-03-10,6.249,,,
2020-03-11,0.36325,,,
2020-03-12,1.86725,,,
2020-03-13,4.197,,,
2020-03-14,0.72525,,,
2020-03-15,-1.58,,,
2020-03-16,-0.62375,,,
2020-03-17,2.37125,,,
2020-03-18,0.68325,,,
2020-03-19,3.451,,,
2020-03-20,7.2725,,,
2020-03-21,-4.50675,,,
2020-03-22,-3.13775,,,
2020-03-23,0.394,,,
2020-03-24,0.723,,,
2020-03-25,3.62775,,,
2020-03-26,5.54225,,,
2020-03-27,4.25325,,,
2020-03-28,4.38125,,,
2020-03-29,8.94825,,,
2020-03-30,6.31775,,,
2020-03-31,5.30625,,,
2020-04-01,4.42675,,,
2020-04-02,4.945,,,
2020-04-03,4.6205,,,
2020-04-04,7.10175,,,
2020-04-05,7.099,,,
2020-04-06,6.87275,,,
2020-04-07,7.95375,,,
2020-04-08,8.39775,,,
2020-04-09,4.982,,,
2020-04-10,1.64325,,,
2020-04-11,2.63025,,,
2020-04-12,5.86925,,,
2020-04-13,8.44325,,,
2020-04-14,1.8725,,,
2020-04-15,0.19225,,,
2020-04-16,-0.22675,,,
2020-04-17,1.06275,,,
2020-04-18,3.31775,,,
2020-04-19,5.56925,,,
2020-04-20,2.34575,,,
2020-04-21,1.17875,,,
2020-04-22,-0.51125,,,
2020-04-23,1.51075,,,
2020-04-24,4.367,,,
2020-04-25,6.888,,,
2020-04-26,7.775,,,
2020-04-27,8.37425,,,
2020-04-28,7.288,,,
2020-04-29,8.98075,,,
2020-04-30,11.5645,,,
2020-05-01,9.61475,,,
2020-05-02,11.40475,,,
2020-05-03,13.26625,,,
2020-05-04,6.0205,,,
2020-05-05,4.041,,,
2020-05-06,6.0065,,,
2020-05-07,4.8495,,,
2020-05-08,1.00575,,,
2020-05-09,1.12525,,,
2020-05-10,2.92875,,,
2020-05-11,2.941,,,
2020-05-12,2.72125,,,
2020-05-13,5.42425,,,
2020-05-14,6.89825,,,
2020-05-15,11.75325,,,
2020-05-16,11.025,,,
2020-05-17,11.36125,,,
2020-05-18,11.4045,,,
2020-05-19,12.4075,,,
2020-05-20,13.24475,,,
2020-05-21,13.70275,,,
2020-05-22,16.511,,,
2020-05-23,17.40325,,,
2020-05-24,19.0095,,,
2020-05-25,22.374,,,
2020-05-26,23.58875,,,
2020-05-27,22.386,,,
2020-05-28,19.13,,,
2020-05-29,18.46475,,,
2020-05-30,12.097,,,
2020-05-31,9.33575,,,
2020-06-01,12.86975,,,
2020-06-02,16.948,,,
2020-06-03,18.6635,,,
2020-06-04,20.41025,,,
2020-06-05,21.13075,,,
2020-06-06,17.052,,,
2020-06-07,13.2605,,,
2020-06-08,15.1165,,,
2020-06-09,21.631,,,
2020-06-10,22.48325,,,
2020-06-11,17.993,,,
2020-06-12,12.91875,,,
2020-06-13,10.80925,,,
2020-06-14,12.27775,,,
2020-06-15,14.056,,,
2020-06-16,15.89275,,,
2020-06-17,18.3945,,,
2020-06-18,20.49625,,,
2020-06-19,21.85875,,,
2020-06-20,22.63775,,,
2020-06-21,22.8715,,,
2020-06-22,22.262,,,
2020-06-23,20.06325,,,
2020-06-24,16.3025,,,
2020-06-25,17.15875,,,
2020-06-26,20.11275,,,
2020-06-27,21.2855,,,
2020-06-28,20.13725,,,
2020-06-29,21.39825,,,
2020-06-30,21.22175,,,
2020-07-01,22.10675,,,
2020-07-02,23.9285,,,
2020-07-03,23.30525,,,
2020-07-04,22.00375,,,
2020-07-05,22.678,,,
2020-07-06,23.783,,,
2020-07-07,24.9415,,,
2020-07-08,25.07,,,
2020-07-09,25.66125,,,
2020-07-10,26.31775,,,
2020-07-11,21.85,,,
2020-07-12,20.20225,,,
2020-07-13,18.35175,,,
2020-07-14,19.43775,,,
2020-07-15,21.7915,,,
2020-07-16,22.893,,,
2020-07-17,22.3435,,,
2020-07-18,23.784,,,
2020-07-19,23.5125,,,
2020-07-20,21.644,,,
2020-07-21,19.2425,,,
2020-07-22,21.693,,,
2020-07-23,20.16575,,,
2020-07-24,20.63425,,,
2020-07-25,22.025,,,
2020-07-26,23.81525,,,
2020-07-27,25.1,,,
2020-07-28,20.84475,,,
2020-07-29,21.2,,,
2020-07-30,20.0885,,,
2020-07-31,20.48175,,,
2020-08-01,22.0765,,,
2020-08-02,21.45,,,
2020-08-03,20.193,,,
2020-08-04,19.09275,,,
2020-08-05,16.808,,,
2020-08-06,17.4935,,,
2020-08-07,19.179,,,
2020-08-08,20.2235,,,
2020-08-09,22.25,,,
2020-08-10,24.4855,,,
2020-08-11,22.5385,,,
2020-08-12,21.02075,,,
2020-08-13,22.22925,,,
2020-08-14,22.87225,,,
2020-08-15,21.8535,,,
2020-08-16,19.5895,,,
2020-08-17,18.333,,,
2020-08-18,16.731,,,
2020-08-19,15.19425,,,
2020-08-20,17.3945,,,
2020-08-21,21.009,,,
2020-08-22,21.9565,,,
2020-08-23,22.96375,,,
2020-08-24,22.9645,,,
2020-08-25,21.00975,,,
2020-08-26,16.45075,,,
2020-08-27,22.10125,,,
2020-08-28,18.525,,,
2020-08-29,19.74,,,
2020-08-30,15.885,,,
2020-08-31,17.531,,,
2020-09-01,20.91675,,,
2020-09-02,21.73775,,,
2020-09-03,19.37275,,,
2020-09-04,14.73925,,,
2020-09-05,14.66275,,,
2020-09-06,14.362,,,
2020-09-07,18.32875,,,
2020-09-08,13.5985,,,
2020-09-09,14.57575,,,
2020-09-10,15.94375,,,
2020-09-11,12.03375,,,
2020-09-12,14.7305,,,
2020-09-13,19.44675,,,
2020-09-14,12.37725,,,
2020-09-15,11.6945,,,
2020-09-16,16.621,,,
2020-09-17,13.35025,,,
2020-09-18,8.0965,,,
2020-09-19,7.7085,,,
2020-09-20,10.5775,,,
2020-09-21,11.78875,,,
2020-09-22,13.701,,,
2020-09-23,17.181,,,
2020-09-24,17.63875,,,
2020-09-25,18.19875,,,
2020-09-26,18.181,,,
2020-09-27,19.9235,,,
2020-09-28,19.609,,,
2020-09-29,13.83475,,,
2020-09-30,11.102,,,
2020-10-01,11.60875,,,
2020-10-02,9.2245,,,
2020-10-03,7.40925,,,
2020-10-04,7.58925,,,
2020-10-05,9.41675,,,
2020-10-06,11.45975,,,
2020-10-07,12.60025,,,
2020-10-08,8.986,,,
2020-10-09,10.7895,,,
2020-10-10,15.573,,,
2020-10-11,7.87025,,,
2020-10-12,11.8355,,,
2020-10-13,12.4385,,,
2020-10-14,10.88625,,,
2020-10-15,12.0695,,,
2020-10-16,6.18425,,,
2020-10-17,6.17825,,,
2020-10-18,10.7095,,,
2020-10-19,6.91875,,,
2020-10-20,7.00175,,,
2020-10-21,11.66775,,,
2020-10-22,9.04225,,,
2020-10-23,15.5605,,,
2020-10-24,5.3255,,,
2020-10-25,3.26775,,,
2020-10-26,4.947,,,
2020-10-27,4.255,,,
2020-10-28,4.11925,,,
2020-10-29,5.521,,,
2020-10-30,0.19075,,,
2020-10-31,1.13275,,,
2020-11-01,4.155,,,
2020-11-02,0.345,,,
2020-11-03,3.175,,,
2020-11-04,9.45125,,,
2020-11-05,12.61775,,,
2020-11-06,12.26525,,,
2020-11-07,12.9045,,,
2020-11-08,12.4245,,,
2020-11-09,13.698,,,
2020-11-10,15.33275,,,
2020-11-11,13.23375,,,
2020-11-12,4.92175,,,
2020-11-13,4.56325,,,
2020-11-14,2.2435,,,
2020-11-15,6.142,,,
2020-11-16,2.18125,,,
2020-11-17,-0.23,,,
2020-11-18,-1.823,,,
2020-11-19,5.7035,,,
2020-11-20,10.71725,,,
2020-11-21,3.061,,,
2020-11-22,0.1395,,,
2020-11-23,-0.579,,,
2020-11-24,-2.021,,,
2020-11-25,2.0195,,,
2020-11-26,6.50675,,,
2020-11-27,5.37,,,
2020-11-28,3.53575,,,
2020-11-29,4.10575,,,
2020-11-30,3.29275,,,
2020-12-01,-0.95075,,,
2020-12-02,0.341,,,
2020-12-03,1.132,,,
2020-12-04,1.6455,,,
2020-12-05,-1.698,,,
2020-12-06,-3.324,,,
2020-12-07,-3.23325,,,
2020-12-08,-2.253,,,
2020-12-09,1.16925,,,
2020-12-10,1.8615,,,
2020-12-11,2.6495,,,
2020-12-12,3.9735,,,
2020-12-13,1.748,,,
2020-12-14,-0.5225,,,
2020-12-15,-4.28725,,,
2020-12-16,-6.6415,,,
2020-12-17,-6.595,,,
2020-12-18,-4.86025,,,
2020-12-19,-1.2995,,,
2020-12-20,1.38075,,,
2020-12-21,0.55125,,,
2020-12-22,0.1875,,,
2020-12-23,1.25825,,,
2020-12-24,3.3085,,,
2020-12-25,-2.50375,,,
2020-12-26,-3.79425,,,
2020-12-27,-3.68475,,,
2020-12-28,1.00875,,,
2020-12-29,-4.19575,,,
2020-12-30,-0.23125,,,
2020-12-31,-0.9165,,,
2021-01-01,-1.49325,,,
2021-01-02,-1.5655,,,
2021-01-03,-2.234,,,
2021-01-04,-1.05325,,,
2021-01-05,-0.49,,,
2021-01-06,-2.2645,,,
2021-01-07,-4.726,,,
2021-01-08,-8.49475,,,
2021-01-09,-3.801,,,
2021-01-10,-4.1315,,,
2021-01-11,-2.317,,,
2021-01-12,-3.23325,,,
2021-01-13,-1.4255,,,
2021-01-14,0.937,,,
2021-01-15,1.86975,,,
2021-01-16,-0.2655,,,
2021-01-17,-0.0555,,,
2021-01-18,-2.923,,,
2021-01-19,-2.24425,,,
2021-01-20,-5.77875,,,
2021-01-21,-1.28375,,,
2021-01-22,-3.63125,,,
2021-01-23,-9.53075,,,
2021-01-24,-7.0875,,,
2021-01-25,-3.9215,,,
2021-01-26,-3.4625,,,
2021-01-27,-6.9815,,,
2021-01-28,-11.66925,,,
2021-01-29,-12.5825,,,
2021-01-30,-11.15425,,,
2021-01-31,-9.2365,,,
2021-02-01,-9.308,,,
2021-02-02,-6.2865,,,
2021-02-03,-4.575,,,
2021-02-04,-2.933,,,
2021-02-05,-3.9495,,,
2021-02-06,-8.686,,,
2021-02-07,-9.4325,,,
2021-02-08,-11.7775,,,
2021-02-09,-8.521,,,
2021-02-10,-9.86075,,,
2021-02-11,-9.978,,,
2021-02-12,-12.80675,,,
2021-02-13,-12.45025,,,
2021-02-14,-9.6205,,,
2021-02-15,-8.37625,,,
2021-02-16,-11.344,,,
2021-02-17,-11.009,,,
2021-02-18,-8.22125,,,
2021-02-19,-6.861,,,
2021-02-20,-8.09525,,,
2021-02-21,-8.383,,,
2021-02-22,-1.6175,,,
2021-02-23,0.10825,,,
2021-02-24,1.35725,,,
2021-02-25,-3.786,,,
2021-02-26,-3.0665,,,
2021-02-27,0.513,,,
2021-02-28,0.432,,,
2021-03-01,-2.0565,,,
2021-03-02,-7.77025,,,
2021-03-03,-0.0335,,,
2021-03-04,-5.97425,,,
2021-03-05,-6.308,,,
2021-03-06,-7.04775,,,
2021-03-07,-8.04575,,,
2021-03-08,-2.3845,,,
2021-03-09,2.211,,,
2021-03-10,5.27125,,,
2021-03-11,12.66575,,,
2021-03-12,2.906,,,
2021-03-13,-1.46875,,,
2021-03-14,-0.93375,,,
2021-03-15,-5.61775,,,
2021-03-16,-0.8495,,,
2021-03-17,3.52825,,,
2021-03-18,2.86475,,,
2021-03-19,-1.2535,,,
2021-03-20,4.871,,,
2021-03-21,6.693,,,
2021-03-22,8.34325,,,
2021-03-23,9.40175,,,
2021-03-24,9.649,,,
2021-03-25,10.489,,,
2021-03-26,5.63325,,,
2021-03-27,4.94275,,,
2021-03-28,4.846,,,
2021-03-29,1.3435,,,
2021-03-30,8.1225,,,
2021-03-31,8.418,,,
2021-04-01,-1.694,,,
2021-04-02,-2.0485,,,
2021-04-03,1.23125,,,
2021-04-04,5.39875,,,
2021-04-05,6.81975,,,
2021-04-06,7.979,,,
2021-04-07,9.78375,,,
2021-04-08,12.5435,,,
2021-04-09,12.7535,,,
2021-04-10,13.2775,,,
2021-04-11,12.90125,,,
2021-04-12,8.1325,,,
2021-04-13,9.40875,,,
2021-04-14,8.7955,,,
2021-04-15,4.22375,,,
2021-04-16,3.689,,,
2021-04-17,5.96925,,,
2021-04-18,7.67225,,,
2021-04-19,7.9435,,,
2021-04-20,2.651,,,
2021-04-21,0.2805,,,
2021-04-22,1.1105,,,
2021-04-23,6.8,,,
2021-04-24,10.11725,,,
2021-04-25,6.57375,,,
2021-04-26,3.79075,,,
2021-04-27,7.92,,,
2021-04-28,11.65475,,,
2021-04-29,9.736,,,
2021-04-30,6.64475,,,
2021-05-01,6.14175,,,
2021-05-02,12.023,,,
2021-05-03,8.8865,,,
2021-05-04,8.82675,,,
2021-05-05,8.14525,,,
2021-05-06,7.13075,,,
2021-05-07,6.90125,,,
2021-05-08,6.82875,,,
2021-05-09,6.50275,,,
2021-05-10,6.25475,,,
2021-05-11,4.38225,,,
2021-05-12,8.556,,,
2021-05-13,11.243,,,
2021-05-14,12.61125,,,
2021-05-15,13.22325,,,
2021-05-16,14.009,,,
2021-05-17,15.48025,,,
2021-05-18,17.99525,,,
2021-05-19,19.0865,,,
2021-05-20,19.34425,,,
2021-05-21,21.68175,,,
2021-05-22,20.855,,,
2021-05-23,18.3515,,,
2021-05-24,15.05525,,,
2021-05-25,20.392,,,
2021-05-26,18.96675,,,
2021-05-27,10.4145,,,
2021-05-28,4.22575,,,
2021-05-29,8.08325,,,
2021-05-30,11.214,,,
2021-05-31,14.0335,,,
2021-06-01,17.12525,,,
2021-06-02,16.82325,,,
2021-06-03,17.00475,,,
2021-06-04,19.4115,,,
2021-06-05,22.51375,,,
2021-06-06,23.859,,,
2021-06-07,23.22025,,,
2021-06-08,22.523,,,
2021-06-09,22.9585,,,
2021-06-10,19.6275,,,
2021-06-11,19.01125,,,
2021-06-12,18.97375,,,
2021-06-13,19.78675,,,
2021-06-14,16.96325,,,
2021-06-15,15.2595,,,
2021-06-16,13.0255,,,
2021-06-17,16.193,,,
2021-06-18,18.8395,,,
2021-06-19,20.582,,,
2021-06-20,19.434,,,
2021-06-21,18.85225,,,
2021-06-22,13.279,,,
2021-06-23,15.09975,,,
2021-06-24,20.782,,,
2021-06-25,20.5355,,,
2021-06-26,22.1105,,,
2021-06-27,24.8795,,,
2021-06-28,24.9415,,,
2021-06-29,23.71575,,,
2021-06-30,22.75475,,,
2021-07-01,18.952,,,
2021-07-02,16.15425,,,
2021-07-03,17.92,,,
2021-07-04,19.219,,,
2021-07-05,22.6365,,,
2021-07-06,25.0275,,,
2021-07-07,19.4465,,,
2021-07-08,14.8715,,,
2021-07-09,16.83975,,,
2021-07-10,18.317,,,
2021-07-11,17.31575,,,
2021-07-12,18.52675,,,
2021-07-13,20.69075,,,
2021-07-14,22.50775,,,
2021-07-15,22.49525,,,
2021-07-16,19.237,,,
2021-07-17,16.99825,,,
2021-07-18,21.96825,,,
2021-07-19,22.96625,,,
2021-07-20,22.04675,,,
2021-07-21,16.85825,,,
2021-07-22,18.52275,,,
2021-07-23,19.49975,,,
2021-07-24,20.123,,,
2021-07-25,22.41175,,,
2021-07-26,23.0755,,,
2021-07-27,20.0285,,,
2021-07-28,19.567,,,
2021-07-29,18.853,,,
2021-07-30,16.59025,,,
2021-07-31,15.292,,,
2021-08-01,16.31025,,,
2021-08-02,17.58375,,,
2021-08-03,19.151,,,
2021-08-04,20.615,,,
2021-08-05,21.3165,,,
2021-08-06,21.9255,,,
2021-08-07,22.5845,,,
2021-08-08,22.578,,,
2021-08-09,24.51075,,,
2021-08-10,23.7075,,,
2021-08-11,25.27375,,,
2021-08-12,24.111,,,
2021-08-13,23.02975,,,
2021-08-14,18.343,,,
2021-08-15,17.15425,,,
2021-08-16,19.19425,,,
2021-08-17,21.927,,,
2021-08-18,22.57075,,,
2021-08-19,22.8725,,,
2021-08-20,23.04225,,,
2021-08-21,24.3,,,
2021-08-22,24.93775,,,
2021-08-23,24.5495,,,
2021-08-24,24.085,,,
2021-08-25,25.46925,,,
2021-08-26,25.22925,,,
2021-08-27,21.587,,,
2021-08-28,22.42,,,
2021-08-29,24.20675,,,
2021-08-30,22.2365,,,
2021-08-31,19.302,,,
2021-09-01,17.65525,,,
2021-09-02,14.97675,,,
2021-09-03,15.1685,,,
2021-09-04,17.60575,,,
2021-09-05,19.71375,,,
2021-09-06,16.589,,,
2021-09-07,17.7705,,,
2021-09-08,18.67575,,,
2021-09-09,14.8815,,,
2021-09-10,15.34325,,,
2021-09-11,18.90625,,,
2021-09-12,21.3035,,,
2021-09-13,16.05075,,,
2021-09-14,19.87625,,,
2021-09-15,17.68825,,,
2021-09-16,16.263,,,
2021-09-17,18.8625,,,
2021-09-18,17.82075,,,
2021-09-19,14.14175,,,
2021-09-20,16.75925,,,
2021-09-21,20.8725,,,
2021-09-22,14.8605,,,
2021-09-23,13.1825,,,
2021-09-24,12.3045,,,
2021-09-25,13.1965,,,
2021-09-26,12.3705,,,
2021-09-27,16.55175,,,
2021-09-28,11.60225,,,
2021-09-29,12.04825,,,
2021-09-30,10.02775,,,
2021-10-01,11.79175,,,
2021-10-02,17.55625,,,
2021-10-03,17.4395,,,
2021-10-04,14.4165,,,
2021-10-05,15.56675,,,
2021-10-06,15.00425,,,
2021-10-07,16.15475,,,
2021-10-08,16.512,,,
2021-10-09,17.174,,,
2021-10-10,16.822,,,
2021-10-11,18.20625,,,
2021-10-12,17.86,,,
2021-10-13,16.6285,,,
2021-10-14,17.02975,,,
2021-10-15,16.92475,,,
2021-10-16,11.9235,,,
2021-10-17,9.901,,,
2021-10-18,7.65075,,,
2021-10-19,11.195,,,
2021-10-20,14.43525,,,
2021-10-21,14.3555,,,
2021-10-22,6.569,,,
2021-10-23,5.12525,,,
2021-10-24,7.0365,,,
2021-10-25,6.9585,,,
2021-10-26,4.699,,,
2021-10-27,9.06425,,,
2021-10-28,7.69325,,,
2021-10-29,10.0515,,,
2021-10-30,7.9665,,,
2021-10-31,9.9355,,,
2021-11-01,6.34625,,,
2021-11-02,3.125,,,
2021-11-03,1.8695,,,
2021-11-04,1.82525,,,
2021-11-05,2.51275,,,
2021-11-06,4.21825,,,
2021-11-07,7.17775,,,
2021-11-08,10.597,,,
2021-11-09,9.718,,,
2021-11-10,6.88375,,,
2021-11-11,8.3005,,,
2021-11-12,9.25725,,,
2021-11-13,3.5265,,,
2021-11-14,1.94525,,,
2021-11-15,1.8265,,,
2021-11-16,2.33175,,,
2021-11-17,6.003,,,
2021-11-18,7.254,,,
2021-11-19,1.31975,,,
2021-11-20,2.02625,,,
2021-11-21,3.93225,,,
2021-11-22,0.26075,,,
2021-11-23,-0.888,,,
2021-11-24,1.56025,,,
2021-11-25,4.73325,,,
2021-11-26,-0.807,,,
2021-11-27,-1.9875,,,
2021-11-28,-1.724,,,
2021-11-29,-3.06375,,,
2021-11-30,-0.969,,,
2021-12-01,1.03375,,,
2021-12-02,4.685,,,
2021-12-03,-0.178,,,
2021-12-04,0.68025,,,
2021-12-05,-0.08975,,,
2021-12-06,3.121,,,
2021-12-07,-3.26125,,,
2021-12-08,-4.654,,,
2021-12-09,-4.061,,,
2021-12-10,1.15275,,,
2021-12-11,8.45625,,,
2021-12-12,2.24225,,,
2021-12-13,3.91675,,,
2021-12-14,2.4625,,,
2021-12-15,4.4895,,,
2021-12-16,11.8465,,,
2021-12-17,1.89475,,,
2021-12-18,-1.752,,,
2021-12-19,-6.811,,,
2021-12-20,-3.55775,,,
2021-12-21,-1.19025,,,
2021-12-22,-2.49225,,,
2021-12-23,-5.222,,,
2021-12-24,-0.75675,,,
2021-12-25,2.203,,,
2021-12-26,-0.1175,,,
2021-12-27,-2.4535,,,
2021-12-28,0.577,,,
2021-12-29,-0.136,,,
2021-12-30,0.26875,,,
2021-12-31,2.12325,,,
2022-01-01,1.608,,,
2022-01-02,-6.1875,,,
2022-01-03,-8.85125,,,
2022-01-04,-3.987,,,
2022-01-05,-0.2875,,,
2022-01-06,-5.14325,,,
2022-01-07,-8.0245,,,
2022-01-08,-7.6745,,,
2022-01-09,-0.66275,,,
2022-01-10,-9.3305,,,
2022-01-11,-14.78075,,,
2022-01-12,-1.932,,,
2022-01-13,-2.65825,,,
2022-01-14,-10.00425,,,
2022-01-15,-17.35075,,,
2022-01-16,-8.52225,,,
2022-01-17,-5.02275,,,
2022-01-18,-7.41125,,,
2022-01-19,-0.89425,,,
2022-01-20,-14.52125,,,
2022-01-21,-16.815,,,
2022-01-22,-11.829,,,
2022-01-23,-10.1585,,,
2022-01-24,-11.6405,,,
2022-01-25,-11.12125,,,
2022-01-26,-14.42675,,,
2022-01-27,-8.96325,,,
2022-01-28,-14.8885,,,
2022-01-29,-17.50075,,,
2022-01-30,-11.63425,,,
2022-01-31,-8.72,,,
2022-02-01,-5.4075,,,
2022-02-02,0.2105,,,
2022-02-03,-7.88825,,,
2022-02-04,-13.45925,,,
2022-02-05,-14.97125,,,
2022-02-06,-7.172,,,
2022-02-07,-3.7055,,,
2022-02-08,-6.9735,,,
2022-02-09,-3.4625,,,
2022-02-10,-0.49675,,,
2022-02-11,-1.33525,,,
2022-02-12,-5.2835,,,
2022-02-13,-14.828,,,
2022-02-14,-13.76575,,,
2022-02-15,-9.26225,,,
2022-02-16,0.6025,,,
2022-02-17,2.41225,,,
2022-02-18,-9.75725,,,
2022-02-19,-8.82225,,,
2022-02-20,-5.41925,,,
2022-02-21,0.85175,,,
2022-02-22,-0.028,,,
2022-02-23,-3.32525,,,
2022-02-24,-9.50125,,,
2022-02-25,-9.67875,,,
2022-02-26,-8.79325,,,
2022-02-27,-4.67,,,
2022-02-28,-10.31925,,,
2022-03-01,-2.9945,,,
2022-03-02,-3.0885,,,
2022-03-03,-8.426,,,
2022-03-04,-6.81,,,
2022-03-05,-3.162,,,
2022-03-06,5.8255,,,
2022-03-07,-0.248,,,
2022-03-08,-2.8075,,,
2022-03-09,-1.361,,,
2022-03-10,-1.252,,,
2022-03-11,-1.837,,,
2022-03-12,-6.5715,,,
2022-03-13,-7.245,,,
2022-03-14,-0.638,,,
2022-03-15,-0.11225,,,
2022-03-16,1.06,,,
2022-03-17,8.531,,,
2022-03-18,7.62325,,,
2022-03-19,5.889,,,
2022-03-20,4.1705,,,
2022-03-21,4.40075,,,
2022-03-22,1.89125,,,
2022-03-23,1.078,,,
2022-03-24,6.6905,,,
2022-03-25,3.22675,,,
2022-03-26,2.411,,,
2022-03-27,-5.20225,,,
2022-03-28,-9.28575,,,
2022-03-29,-4.8705,,,
2022-03-30,-1.5085,,,
2022-03-31,8.86575,,,
2022-04-01,0.598,,,
2022-04-02,1.029,,,
2022-04-03,1.951,,,
2022-04-04,2.39425,,,
2022-04-05,4.703,,,
2022-04-06,7.19275,,,
2022-04-07,8.713,,,
2022-04-08,4.905,,,
2022-04-09,3.539,,,
2022-04-10,2.39975,,,
2022-04-11,5.71325,,,
2022-04-12,10.0945,,,
2022-04-13,13.15875,,,
2022-04-14,11.7725,,,
2022-04-15,7.5525,,,
2022-04-16,3.1275,,,
2022-04-17,1.2145,,,
2022-04-18,1.59575,,,
2022-04-19,1.89925,,,
2022-04-20,4.04075,,,
2022-04-21,7.352,,,
2022-04-22,6.922,,,
2022-04-23,6.02225,,,
2022-04-24,10.258,,,
2022-04-25,12.6745,,,
2022-04-26,5.94725,,,
2022-04-27,0.10375,,,
2022-04-28,2.14925,,,
2022-04-29,4.93775,,,
2022-04-30,7.09575,,,
2022-05-01,7.23625,,,
2022-05-02,9.7335,,,
2022-05-03,9.56,,,
2022-05-04,9.70275,,,
2022-05-05,8.82325,,,
2022-05-06,10.5645,,,
2022-05-07,9.33425,,,
2022-05-08,8.927,,,
2022-05-09,11.33025,,,
2022-05-10,13.79775,,,
2022-05-11,16.8135,,,
2022-05-12,18.4045,,,
2022-05-13,19.01425,,,
2022-05-14,18.96,,,
2022-05-15,20.214,,,
2022-05-16,12.76175,,,
2022-05-17,9.44975,,,
2022-05-18,8.83825,,,
2022-05-19,12.613,,,
2022-05-20,17.35875,,,
2022-05-21,20.93325,,,
2022-05-22,13.13425,,,
2022-05-23,10.167,,,
2022-05-24,11.482,,,
2022-05-25,13.3235,,,
2022-05-26,18.12225,,,
2022-05-27,18.46375,,,
2022-05-28,15.38775,,,
2022-05-29,17.5,,,
2022-05-30,21.1605,,,
2022-05-31,23.67825,,,
2022-06-01,21.24875,,,
2022-06-02,14.563,,,
2022-06-03,15.34225,,,
2022-06-04,12.2315,,,
2022-06-05,15.23825,,,
2022-06-06,15.7025,,,
2022-06-07,16.1615,,,
2022-06-08,15.38275,,,
2022-06-09,14.5815,,,
2022-06-10,15.16825,,,
2022-06-11,16.913,,,
2022-06-12,17.36875,,,
2022-06-13,15.76425,,,
2022-06-14,18.76375,,,
2022-06-15,20.2595,,,
2022-06-16,23.24725,,,
2022-06-17,18.71175,,,
2022-06-18,11.811,,,
2022-06-19,12.68025,,,
2022-06-20,16.5175,,,
2022-06-21,22.405,,,
2022-06-22,25.60525,,,
2022-06-23,19.167,,,
2022-06-24,19.7675,,,
2022-06-25,22.8635,,,
2022-06-26,22.39725,,,
2022-06-27,15.457,,,
2022-06-28,15.94575,,,
2022-06-29,16.6935,,,
2022-06-30,19.3715,,,
2022-07-01,22.2215,,,
2022-07-02,19.10275,,,
2022-07-03,18.11225,,,
2022-07-04,19.86825,,,
2022-07-05,18.54225,,,
2022-07-06,18.19825,,,
2022-07-07,19.14775,,,
2022-07-08,19.91,,,
2022-07-09,16.5865,,,
2022-07-10,19.53875,,,
2022-07-11,21.5795,,,
2022-07-12,21.59775,,,
2022-07-13,17.787,,,
2022-07-14,18.3825,,,
2022-07-15,19.14625,,,
2022-07-16,21.5825,,,
2022-07-17,21.77725,,,
2022-07-18,21.30975,,,
2022-07-19,24.7425,,,
2022-07-20,26.39125,,,
2022-07-21,23.19925,,,
2022-07-22,23.526,,,
2022-07-23,25.9635,,,
2022-07-24,21.92375,,,
2022-07-25,19.0755,,,
2022-07-26,18.795,,,
2022-07-27,21.22575,,,
2022-07-28,22.33175,,,
2022-07-29,20.23825,,,
2022-07-30,19.515,,,
2022-07-31,21.9635,,,
2022-08-01,22.17,,,
2022-08-02,20.361,,,
2022-08-03,19.968,,,
2022-08-04,23.816,,,
2022-08-05,22.766,,,
2022-08-06,25.19525,,,
2022-08-07,26.98375,,,
2022-08-08,23.74275,,,
2022-08-09,19.35925,,,
2022-08-10,19.906,,,
2022-08-11,19.56175,,,
2022-08-12,17.434,,,
2022-08-13,18.26725,,,
2022-08-14,19.1635,,,
2022-08-15,20.4835,,,
2022-08-16,19.46625,,,
2022-08-17,20.40275,,,
2022-08-18,20.71375,,,
2022-08-19,21.96675,,,
2022-08-20,23.40375,,,
2022-08-21,20.6285,,,
2022-08-22,19.50725,,,
2022-08-23,20.82425,,,
2022-08-24,21.401,,,
2022-08-25,19.356,,,
2022-08-26,19.12425,,,
2022-08-27,16.61625,,,
2022-08-28,19.94325,,,
2022-08-29,23.7115,,,
2022-08-30,21.5165,,,
2022-08-31,18.89475,,,
2022-09-01,16.356,,,
2022-09-02,20.30025,,,
2022-09-03,22.4685,,,
2022-09-04,17.375,,,
2022-09-05,17.35175,,,
2022-09-06,17.19625,,,
2022-09-07,18.3755,,,
2022-09-08,18.34075,,,
2022-09-09,19.43425,,,
2022-09-10,21.07225,,,
2022-09-11,19.24,,,
2022-09-12,18.9525,,,
2022-09-13,15.64025,,,
2022-09-14,16.5275,,,
2022-09-15,11.9445,,,
2022-09-16,15.59225,,,
2022-09-17,18.1245,,,
2022-09-18,20.096,,,
2022-09-19,19.87075,,,
2022-09-20,18.36025,,,
2022-09-21,20.45,,,
2022-09-22,12.54825,,,
2022-09-23,7.92325,,,
2022-09-24,11.3845,,,
2022-09-25,13.49825,,,
2022-09-26,11.71275,,,
2022-09-27,12.04875,,,
2022-09-28,10.4155,,,
2022-09-29,9.8915,,,
2022-09-30,10.44675,,,
2022-10-01,12.3555,,,
2022-10-02,9.14125,,,
2022-10-03,8.185,,,
2022-10-04,10.76425,,,
2022-10-05,14.68475,,,
2022-10-06,15.90575,,,
2022-10-07,8.7165,,,
2022-10-08,5.70475,,,
2022-10-09,8.9585,,,
2022-10-10,8.419,,,
2022-10-11,12.3835,,,
2022-10-12,15.244,,,
2022-10-13,12.5975,,,
2022-10-14,7.57875,,,
2022-10-15,9.05,,,
2022-10-16,8.21025,,,
2022-10-17,6.58525,,,
2022-10-18,3.09625,,,
2022-10-19,4.7035,,,
2022-10-20,3.08775,,,
2022-10-21,7.4365,,,
2022-10-22,13.61175,,,
2022-10-23,13.0975,,,
2022-10-24,11.98875,,,
2022-10-25,13.033,,,
2022-10-26,11.8845,,,
2022-10-27,6.01525,,,
2022-10-28,4.94025,,,
2022-10-29,7.04075,,,
2022-10-30,8.3685,,,
2022-10-31,8.70075,,,
2022-11-01,13.12075,,,
2022-11-02,10.30225,,,
2022-11-03,10.2375,,,
2022-11-04,13.013,,,
2022-11-05,17.889,,,
2022-11-06,14.31175,,,
2022-11-07,9.33325,,,
2022-11-08,4.1825,,,
2022-11-09,6.5855,,,
2022-11-10,12.6135,,,
2022-11-11,11.876,,,
2022-11-12,6.47175,,,
2022-11-13,0.8655,,,
2022-11-14,-1.0925,,,
2022-11-15,-1.9065,,,
2022-11-16,-2.68875,,,
2022-11-17,-3.5285,,,
2022-11-18,-2.97825,,,
2022-11-19,-5.1485,,,
2022-11-20,-6.10375,,,
2022-11-21,-2.7265,,,
2022-11-22,-1.5635,,,
2022-11-23,0.77475,,,
2022-11-24,3.00575,,,
2022-11-25,4.426,,,
2022-11-26,4.52675,,,
2022-11-27,3.71825,,,
2022-11-28,1.55425,,,
2022-11-29,1.9245,,,
2022-11-30,3.62225,,,
2022-12-01,-1.09025,,,
2022-12-02,0.417,,,
2022-12-03,4.68525,,,
2022-12-04,-0.9975,,,
2022-12-05,1.1445,,,
2022-12-06,3.017,,,
2022-12-07,4.5865,,,
2022-12-08,1.891,,,
2022-12-09,-1.19975,,,
2022-12-10,-2.69425,,,
2022-12-11,-1.631,,,
2022-12-12,-4.05975,,,
2022-12-13,-5.97525,,,
2022-12-14,-4.98,,,
2022-12-15,-0.2825,,,
2022-12-16,-0.37025,,,
2022-12-17,-4.2725,,,
2022-12-18,-3.17275,,,
2022-12-19,-3.4565,,,
2022-12-20,-5.0135,,,
2022-12-21,-4.69625,,,
2022-12-22,-0.66825,,,
2022-12-23,-4.6875,,,
2022-12-24,-11.8185,,,
2022-12-25,-7.793,,,
2022-12-26,-8.415,,,
2022-12-27,-6.206,,,
2022-12-28,-0.769,,,
2022-12-29,3.3345,,,
2022-12-30,7.27225,,,
2022-12-31,5.448,,,
2023-01-01,1.84525,,,
2023-01-02,2.4455,,,
2023-01-03,1.7125,,,
2023-01-04,1.976,,,
2023-01-05,2.42125,,,
2023-01-06,1.6585,,,
2023-01-07,-0.97925,,,
2023-01-08,-3.11175,,,
2023-01-09,-1.20025,,,
2023-01-10,-2.03775,,,
2023-01-11,-2.55325,,,
2023-01-12,0.12375,,,
2023-01-13,-4.07875,,,
2023-01-14,-8.993,,,
2023-01-15,-7.1005,,,
2023-01-16,-4.061,,,
2023-01-17,-0.27025,,,
2023-01-18,1.675,,,
2023-01-19,0.2585,,,
2023-01-20,0.38875,,,
2023-01-21,-1.6665,,,
2023-01-22,-1.49525,,,
2023-01-23,-1.7275,,,
2023-01-24,-1.1085,,,
2023-01-25,-1.352,,,
2023-01-26,-2.52775,,,
2023-01-27,-3.6915,,,
2023-01-28,-2.39425,,,
2023-01-29,-4.4585,,,
2023-01-30,-9.31725,,,
2023-01-31,-10.8365,,,
2023-02-01,-12.27975,,,
2023-02-02,-6.829,,,
2023-02-03,-17.6065,,,
2023-02-04,-16.0595,,,
2023-02-05,-0.36525,,,
2023-02-06,-4.82825,,,
2023-02-07,-1.48025,,,
2023-02-08,-0.37375,,,
2023-02-09,-0.07125,,,
2023-02-10,1.064,,,
2023-02-11,-2.42525,,,
2023-02-12,1.13875,,,
2023-02-13,1.62575,,,
2023-02-14,2.17375,,,
2023-02-15,7.43625,,,
2023-02-16,0.7185,,,
2023-02-17,-7.00425,,,
2023-02-18,-5.54025,,,
2023-02-19,1.44825,,,
2023-02-20,1.806,,,
2023-02-21,0.0445,,,
2023-02-22,-3.32525,,,
2023-02-23,-7.44425,,,
2023-02-24,-9.98475,,,
2023-02-25,-9.04925,,,
2023-02-26,-3.49725,,,
2023-02-27,-5.489,,,
2023-02-28,-0.1515,,,
2023-03-01,-2.25625,,,
2023-03-02,-0.303,,,
2023-03-03,-1.87275,,,
2023-03-04,-1.429,,,
2023-03-05,-1.51875,,,
2023-03-06,-1.992,,,
2023-03-07,-2.53125,,,
2023-03-08,-3.449,,,
2023-03-09,-2.63275,,,
2023-03-10,-1.588,,,
2023-03-11,-5.0845,,,
2023-03-12,-5.737,,,
2023-03-13,-3.43375,,,
2023-03-14,-4.86025,,,
2023-03-15,-3.73175,,,
2023-03-16,0.97825,,,
2023-03-17,3,,,
2023-03-18,-3.164,,,
2023-03-19,-4.25625,,,
2023-03-20,-0.32025,,,
2023-03-21,2.319,,,
2023-03-22,2.87525,,,
2023-03-23,4.1615,,,
2023-03-24,0.023,,,
2023-03-25,1.43475,,,
2023-03-26,2.597,,,
2023-03-27,1.53275,,,
2023-03-28,2.6825,,,
2023-03-29,0.31725,,,
2023-03-30,-2.16275,,,
2023-03-31,0.2475,,,
2023-04-01,5.82,,,
2023-04-02,-1.73675,,,
2023-04-03,5.12875,,,
2023-04-04,6.48825,,,
2023-04-05,5.289,,,
2023-04-06,7.89375,,,
2023-04-07,1.224,,,
2023-04-08,1.2765,,,
2023-04-09,3.5955,,,
2023-04-10,11.42,,,
2023-04-11,13.37875,,,
2023-04-12,16.77175,,,
2023-04-13,18.1875,,,
2023-04-15,18.706,,,
2023-04-16,17.31675,,,
2023-04-17,6.483,,,
2023-04-18,1.94625,,,
2023-04-19,2.98975,,,
2023-04-20,5.266,,,
2023-04-21,10.38825,,,
2023-04-22,7.5795,,,
2023-04-23,4.955,,,
2023-04-24,4.12125,,,
2023-04-25,4.4315,,,
2023-04-26,4.049,,,
2023-04-27,5.22925,,,
2023-04-28,7.95925,,,
2023-04-29,7.4125,,,
2023-04-30,7.53225,,,
2023-05-01,6.18775,,,
2023-05-02,3.87625,,,
2023-05-03,4.9165,,,
2023-05-04,7.5645,,,
2023-05-05,9.32225,,,
2023-05-06,11.267,,,
2023-05-07,10.7355,,,
2023-05-08,11.69475,,,
2023-05-09,10.1775,,,
2023-05-10,13.34575,,,
2023-05-11,17.0895,,,
2023-05-12,18.615,,,
2023-05-13,15.8,,,
2023-05-14,10.3745,,,
2023-05-15,12.1755,,,
2023-05-16,13.664,,,
2023-05-17,4.9125,,,
2023-05-18,7.037,,,
2023-05-19,13.2255,,,
2023-05-20,12.76725,,,
2023-05-21,14.7385,,,
2023-05-22,12.4245,,,
2023-05-23,14.50425,,,
2023-05-24,12.05625,,,
2023-05-25,8.3825,,,
2023-05-26,11.829,,,
2023-05-27,15.95225,,,
2023-05-28,17.5355,,,
2023-05-29,18.3505,,,
2023-05-30,19.60575,,,
2023-05-31,22.21875,,,
2023-06-01,23.1125,,,
2023-06-02,22.4765,,,
2023-06-03,18.8735,,,
2023-06-04,16.29675,,,
2023-06-05,17.46675,,,
2023-06-06,16.04825,,,
2023-06-07,13.572,,,
2023-06-08,14.3975,,,
2023-06-09,14.36025,,,
2023-06-10,18.09975,,,
2023-06-11,16.901,,,
2023-06-12,14.29325,,,
2023-06-13,12.49075,,,
2023-06-14,13.75525,,,
2023-06-15,15.40175,,,
2023-06-16,15.9315,,,
2023-06-17,16.65225,,,
2023-06-18,18.2625,,,
2023-06-19,18.48125,,,
2023-06-20,19.85625,,,
2023-06-21,20.39725,,,
2023-06-22,19.8005,,,
2023-06-23,19.0915,,,
2023-06-24,20.37925,,,
2023-06-25,21.2255,,,
2023-06-26,19.907,,,
2023-06-27,17.90375,,,
2023-06-28,16.80575,,,
2023-06-29,17.81525,,,
2023-06-30,19.988,,,
2023-07-01,22.127,,,
2023-07-02,20.7835,,,
2023-07-03,20.5205,,,
2023-07-04,23.79525,,,
2023-07-05,24.26575,,,
2023-07-06,23.53925,,,
2023-07-07,19.585,,,
2023-07-08,17.93275,,,
2023-07-09,18.445,,,
2023-07-10,20.5905,,,
2023-07-11,21.80525,,,
2023-07-12,17.94675,,,
2023-07-13,19.36925,,,
2023-07-14,19.21325,,,
2023-07-15,19.019,,,
2023-07-16,20.99625,,,
2023-07-17,20.525,,,
2023-07-18,19.57575,,,
2023-07-19,18.914,,,
2023-07-20,20.4695,,,
2023-07-21,19.297,,,
2023-07-22,20.14875,,,
2023-07-23,19.86875,,,
2023-07-24,20.82975,,,
2023-07-25,21.78975,,,
2023-07-26,22.26675,,,
2023-07-27,23.493,,,
2023-07-28,24.34,,,
2023-07-29,18.8155,,,
2023-07-30,17.70525,,,
2023-07-31,16.8915,,,
2023-08-01,17.10375,,,
2023-08-02,18.71725,,,
2023-08-03,21.804,,,
2023-08-04,20.861,,,
2023-08-05,18.56375,,,
2023-08-06,18.72575,,,
2023-08-07,20.98625,,,
2023-08-08,19.35425,,,
2023-08-09,21.24525,,,
2023-08-10,19.22525,,,
2023-08-11,19.25375,,,
2023-08-12,21.1545,,,
2023-08-13,18.368,,,
2023-08-14,18.57675,,,
2023-08-15,18.31775,,,
2023-08-16,20.48475,,,
2023-08-17,20.2355,,,
2023-08-18,15.77825,,,
2023-08-19,17.63975,,,
2023-08-20,20.8745,,,
2023-08-21,20.1555,,,
2023-08-22,17.632,,,
2023-08-23,16.29375,,,
2023-08-24,18.85475,,,
2023-08-25,20.70475,,,
2023-08-26,18.3745,,,
2023-08-27,15.00425,,,
2023-08-28,16.509,,,
2023-08-29,17.62625,,,
2023-08-30,15.37375,,,
2023-08-31,14.4485,,,
2023-09-01,17.055,,,
2023-09-02,18.213,,,
2023-09-03,22.47975,,,
2023-09-04,25.261,,,
2023-09-05,25.5045,,,
2023-09-06,25.3635,,,
2023-09-07,20.851,,,
2023-09-08,16.43775,,,
2023-09-09,15.64425,,,
2023-09-10,17.86525,,,
2023-09-11,17.63925,,,
2023-09-12,17.747,,,
2023-09-13,13.8875,,,
2023-09-14,12.53825,,,
2023-09-15,13.24575,,,
2023-09-16,14.77625,,,
2023-09-17,16.214,,,
2023-09-18,13.957,,,
2023-09-19,12.737,,,
2023-09-20,12.71525,,,
2023-09-21,16.10225,,,
2023-09-22,16.507,,,
2023-09-23,15.37175,,,
2023-09-24,15.53575,,,
2023-09-25,16.11475,,,
2023-09-26,15.961,,,
2023-09-27,15.26425,,,
2023-09-28,14.98325,,,
2023-09-29,15.4725,,,
2023-09-30,16.724,,,
2023-10-01,18.1315,,,
2023-10-02,20.25275,,,
2023-10-03,21.76975,,,
2023-10-04,21.45225,,,
2023-10-05,20.861,,,
2023-10-06,16.566,,,
2023-10-07,10.28575,,,
2023-10-08,7.46975,,,
2023-10-09,8.443,,,
2023-10-10,8.6565,,,
2023-10-11,8.9835,,,
2023-10-12,8.604,,,
2023-10-13,8.6805,,,
2023-10-14,10.2485,,,
2023-10-15,7.459,,,
2023-10-16,9.7325,,,
2023-10-17,10.2025,,,
2023-10-18,9.23725,,,
2023-10-19,11.0375,,,
2023-10-20,12.33375,,,
2023-10-21,9.00025,,,
2023-10-22,6.2265,,,
2023-10-23,6.129,,,
2023-10-24,12.3155,,,
2023-10-25,17.738,,,
2023-10-26,17.2075,,,
2023-10-28,11.65725,,,
2023-10-29,4.8885,,,
2023-10-30,2.35375,,,
2023-10-31,0.66525,,,
2023-11-01,-0.65425,,,
2023-11-02,2.565,,,
2023-11-03,8.6285,,,
2023-11-04,9.53175,,,
2023-11-05,5.37125,,,
2023-11-06,8.153,,,
2023-11-07,7.435,,,
2023-11-08,-1.0495,,,
2023-11-09,4.121,,,
2023-11-10,4.674,,,
2023-11-11,1.0745,,,
2023-11-12,0.61875,,,
2023-11-13,4.70375,,,
2023-11-14,4.268,,,
2023-11-15,6.553,,,
2023-11-16,7.48525,,,
2023-11-17,8.86,,,
2023-11-18,2.188,,,
2023-11-19,1.8065,,,
2023-11-20,-2.0625,,,
2023-11-21,1.255,,,
2023-11-22,4.061,,,
2023-11-23,2.26375,,,
2023-11-24,-2.376,,,
2023-11-25,-0.8425,,,
2023-11-26,0.693,,,
2023-11-27,-0.22025,,,
2023-11-28,-4.2495,,,
2023-11-29,-3.57175,,,
2023-11-30,2.306,,,
2023-12-01,2.67325,,,
2023-12-02,0.8465,,,
2023-12-03,0.95525,,,
2023-12-04,1.795,,,
2023-12-05,-0.14275,,,
2023-12-06,-1.92125,,,
2023-12-07,1.6645,,,
2023-12-08,4.21575,,,
2023-12-09,8.59625,,,
2023-12-10,5.666,,,
2023-12-11,-0.17675,,,
2023-12-12,0.38625,,,
2023-12-13,-0.6675,,,
2023-12-14,1.0145,,,
2023-12-15,5.24225,,,
2023-12-16,4.315,,,
2023-12-17,4.94475,,,
2023-12-18,3.577,,,
2023-12-19,-3.26625,,,
2023-12-20,-0.49925,,,
2023-12-21,-1.813,,,
2023-12-22,-2.70125,,,
2023-12-23,0.51975,,,
2023-12-24,1.72325,,,
2023-12-25,3.9965,,,
2023-12-26,4.785,,,
2023-12-27,6.25175,,,
2023-12-28,5.39825,,,
2023-12-29,4.91375,,,
2023-12-30,0.02725,,,
2023-12-31,-0.37425,,,
