Date,Temperature(¡æ£©,,,
1/1/2016,-3.4325,,,
1/2/2016,-2.665,,,
1/3/2016,-2.1775,,,
1/4/2016,-14.0825,,,
1/5/2016,-11.2875,,,
1/6/2016,-5.9925,,,
1/7/2016,-4.07,,,
1/8/2016,-1.2175,,,
1/9/2016,2.7775,,,
1/10/2016,2.005,,,
1/11/2016,-7.49,,,
1/12/2016,-6.1825,,,
1/13/2016,-9.1675,,,
1/14/2016,-6.9625,,,
1/15/2016,-0.3775,,,
1/16/2016,-0.6725,,,
1/17/2016,-6.15,,,
1/18/2016,-9.81,,,
1/19/2016,-9.435,,,
1/20/2016,-6.15,,,
1/21/2016,-8.175,,,
1/22/2016,-8.8225,,,
1/23/2016,-10.42,,,
1/24/2016,-6.6625,,,
1/25/2016,-2.23,,,
1/26/2016,2.1525,,,
1/27/2016,-1.8275,,,
1/28/2016,-1.285,,,
1/29/2016,-5.82,,,
1/30/2016,-2.4475,,,
1/31/2016,3.8675,,,
2/1/2016,2.7575,,,
2/2/2016,-0.645,,,
2/3/2016,5.505,,,
2/4/2016,0.125,,,
2/5/2016,-2.09,,,
2/6/2016,-0.97,,,
2/7/2016,-0.3175,,,
2/8/2016,1.11,,,
2/9/2016,-0.685,,,
2/10/2016,-4.775,,,
2/11/2016,-12.7775,,,
2/12/2016,-8.975,,,
2/13/2016,-18.875,,,
2/14/2016,-19.1375,,,
2/15/2016,-8.765,,,
2/16/2016,-3.905,,,
2/17/2016,-5.6225,,,
2/18/2016,-12.335,,,
2/19/2016,-1.59,,,
2/20/2016,4.9325,,,
2/21/2016,0.9725,,,
2/22/2016,-3.6125,,,
2/23/2016,-2.3575,,,
2/24/2016,-0.9275,,,
2/25/2016,-1.3925,,,
2/26/2016,-9.1375,,,
2/27/2016,-2.6625,,,
2/28/2016,4.08,,,
2/29/2016,1.2575,,,
3/1/2016,-7.4875,,,
3/2/2016,-9.6725,,,
3/3/2016,-10.295,,,
3/4/2016,-7.545,,,
3/5/2016,-7.74,,,
3/6/2016,-6.5675,,,
3/7/2016,3.095,,,
3/8/2016,5.4775,,,
3/9/2016,13.4475,,,
3/10/2016,8.885,,,
3/11/2016,3.695,,,
3/12/2016,6.2975,,,
3/13/2016,5.0975,,,
3/14/2016,5.7125,,,
3/15/2016,7.275,,,
3/16/2016,4.525,,,
3/17/2016,5.225,,,
3/18/2016,1.1175,,,
3/19/2016,-2.725,,,
3/20/2016,-1.825,,,
3/21/2016,-0.965,,,
3/22/2016,0.3,,,
3/23/2016,1.6075,,,
3/24/2016,-1.075,,,
3/25/2016,-1.45,,,
3/26/2016,-0.7,,,
3/27/2016,2.8,,,
3/28/2016,5.65,,,
3/29/2016,1.08575,,,
3/30/2016,4.275,,,
3/31/2016,12.1325,,,
4/1/2016,7.275,,,
4/2/2016,0.7,,,
4/3/2016,-4.8225,,,
4/4/2016,-6.6,,,
4/5/2016,-7.475,,,
4/6/2016,-2.225,,,
4/7/2016,2.15,,,
4/8/2016,-2.25,,,
4/9/2016,-4.325,,,
4/10/2016,-3.6,,,
4/11/2016,4.775,,,
4/12/2016,0.775,,,
4/13/2016,0.6825,,,
4/14/2016,2.65,,,
4/15/2016,5.55,,,
4/16/2016,7.675,,,
4/17/2016,10.7,,,
4/18/2016,14.1,,,
4/19/2016,8.625,,,
4/20/2016,7.425,,,
4/21/2016,9.675,,,
4/22/2016,12.35,,,
4/23/2016,5.1,,,
4/24/2016,5.35,,,
4/25/2016,4.8,,,
4/26/2016,2.95,,,
4/27/2016,4.45,,,
4/28/2016,3.925,,,
4/29/2016,5.775,,,
4/30/2016,7.4,,,
5/1/2016,6.5,,,
5/2/2016,7.125,,,
5/3/2016,8.50775,,,
5/4/2016,8.925,,,
5/5/2016,10.275,,,
5/6/2016,12.595,,,
5/7/2016,11.7,,,
5/8/2016,7.675,,,
5/9/2016,6.5875,,,
5/10/2016,7.8275,,,
5/11/2016,10,,,
5/12/2016,12.675,,,
5/13/2016,14.725,,,
5/14/2016,8.275,,,
5/15/2016,3.1,,,
5/16/2016,7.225,,,
5/17/2016,8.625,,,
5/18/2016,8.8,,,
5/19/2016,11.8,,,
5/20/2016,13.775,,,
5/21/2016,14.55,,,
5/22/2016,13.225,,,
5/23/2016,16,,,
5/24/2016,18.325,,,
5/25/2016,20.3,,,
5/26/2016,19.5075,,,
5/27/2016,21.605,,,
5/28/2016,22.575,,,
5/29/2016,22.175,,,
5/30/2016,19.875,,,
5/31/2016,17.6,,,
6/1/2016,14.05,,,
6/2/2016,18.625,,,
6/3/2016,17.275,,,
6/4/2016,17.375,,,
6/5/2016,18.45,,,
6/6/2016,17.05,,,
6/7/2016,13.75,,,
6/8/2016,9.9,,,
6/9/2016,11.675,,,
6/10/2016,14.45,,,
6/11/2016,19.875,,,
6/12/2016,14.875,,,
6/13/2016,12.975,,,
6/14/2016,13.9,,,
6/15/2016,15.1,,,
6/16/2016,18.1,,,
6/17/2016,20.925,,,
6/18/2016,21.475,,,
6/19/2016,22.7,,,
6/20/2016,23.95,,,
6/21/2016,17.75,,,
6/22/2016,17,,,
6/23/2016,15.975,,,
6/24/2016,18.425,,,
6/25/2016,19.55,,,
6/26/2016,22.325,,,
6/27/2016,23.425,,,
6/28/2016,17.4,,,
6/29/2016,18.05,,,
6/30/2016,18.425,,,
7/1/2016,17.125,,,
7/2/2016,17.475,,,
7/3/2016,19.475,,,
7/4/2016,19.75,,,
7/5/2016,22,,,
7/6/2016,23.9,,,
7/7/2016,23.875,,,
7/8/2016,21.475,,,
7/9/2016,19.6,,,
7/10/2016,20.125,,,
7/11/2016,20.075,,,
7/12/2016,22.85,,,
7/13/2016,25.775,,,
7/14/2016,24.9,,,
7/15/2016,20.75,,,
7/16/2016,17.4,,,
7/17/2016,19.55,,,
7/18/2016,23.9,,,
7/19/2016,19.275,,,
7/20/2016,19.575,,,
7/21/2016,25.7,,,
7/22/2016,27.15,,,
7/23/2016,25.55,,,
7/24/2016,23.125,,,
7/25/2016,24.775,,,
7/26/2016,22.85,,,
7/27/2016,24.3,,,
7/28/2016,22.675,,,
7/29/2016,20.775,,,
7/30/2016,20.25,,,
7/31/2016,20.75,,,
8/1/2016,21.625,,,
8/2/2016,22.775,,,
8/3/2016,22.7,,,
8/4/2016,24.3,,,
8/5/2016,25.35,,,
8/6/2016,21.7,,,
8/7/2016,21.35,,,
8/8/2016,20.3,,,
8/9/2016,21.85,,,
8/10/2016,26.4475,,,
8/11/2016,26.275,,,
8/12/2016,27.05,,,
8/13/2016,24.925,,,
8/14/2016,22.725,,,
8/15/2016,21.2,,,
8/16/2016,21.15,,,
8/17/2016,20.1,,,
8/18/2016,21.8,,,
8/19/2016,22.8,,,
8/20/2016,24.05,,,
8/21/2016,21.275,,,
8/22/2016,16.8,,,
8/23/2016,19.85,,,
8/24/2016,21.9,,,
8/25/2016,24.125,,,
8/26/2016,22.275,,,
8/27/2016,20.3,,,
8/28/2016,22.425,,,
8/29/2016,19.35,,,
8/30/2016,21.425,,,
8/31/2016,21.575,,,
9/1/2016,17.075,,,
9/2/2016,15.75,,,
9/3/2016,15.7,,,
9/4/2016,16.525,,,
9/5/2016,18.975,,,
9/6/2016,23.05,,,
9/7/2016,25,,,
9/8/2016,24.425,,,
9/9/2016,22.175,,,
9/10/2016,21.925,,,
9/11/2016,17.225,,,
9/12/2016,15.925,,,
9/13/2016,19.2,,,
9/14/2016,16.77,,,
9/15/2016,12.5125,,,
9/16/2016,15.3025,,,
9/17/2016,19.4425,,,
9/18/2016,20.06,,,
9/19/2016,19.38,,,
9/20/2016,20.6,,,
9/21/2016,19.575,,,
9/22/2016,20.35,,,
9/23/2016,16,,,
9/24/2016,11.15,,,
9/25/2016,11.25,,,
9/26/2016,14.05,,,
9/27/2016,13.585,,,
9/28/2016,15.1725,,,
9/29/2016,14.4525,,,
9/30/2016,15.55,,,
10/1/2016,14.03,,,
10/2/2016,16.075,,,
10/3/2016,13.75,,,
10/4/2016,14.99,,,
10/5/2016,14.985,,,
10/6/2016,16.3925,,,
10/7/2016,16.03,,,
10/8/2016,13.57,,,
10/9/2016,8.2475,,,
10/10/2016,5.6225,,,
10/11/2016,8.5925,,,
10/12/2016,14.0925,,,
10/13/2016,11.435,,,
10/14/2016,7.6925,,,
10/15/2016,11.4775,,,
10/16/2016,17.15,,,
10/17/2016,16.435,,,
10/18/2016,19.3525,,,
10/19/2016,13.26,,,
10/20/2016,12.32,,,
10/21/2016,8.3025,,,
10/22/2016,4.5725,,,
10/23/2016,6.8175,,,
10/24/2016,6.525,,,
10/25/2016,3.2975,,,
10/26/2016,1.2,,,
10/27/2016,2.7425,,,
10/28/2016,2.755,,,
10/29/2016,12.055,,,
10/30/2016,7.2,,,
10/31/2016,3.6275,,,
11/1/2016,9.6875,,,
11/2/2016,13.7125,,,
11/3/2016,10.3775,,,
11/4/2016,5.4575,,,
11/5/2016,9.0425,,,
11/6/2016,7.645,,,
11/7/2016,8.345,,,
11/8/2016,9.955,,,
11/9/2016,6.1125,,,
11/10/2016,7.26,,,
11/11/2016,5.4275,,,
11/12/2016,2.5225,,,
11/13/2016,6.2925,,,
11/14/2016,6.905,,,
11/15/2016,5.735,,,
11/16/2016,7.66,,,
11/17/2016,6.135,,,
11/18/2016,9.67,,,
11/19/2016,7.7275,,,
11/20/2016,-0.3025,,,
11/21/2016,-1.9125,,,
11/22/2016,-2.2975,,,
11/23/2016,-2.8425,,,
11/24/2016,1.445,,,
11/25/2016,2.4725,,,
11/26/2016,2.9425,,,
11/27/2016,2.21,,,
11/28/2016,3.9075,,,
11/29/2016,8.82,,,
11/30/2016,8.7425,,,
12/1/2016,5.015,,,
12/2/2016,3.1725,,,
12/3/2016,2.2575,,,
12/4/2016,0.9125,,,
12/5/2016,1.04,,,
12/6/2016,0.6425,,,
12/7/2016,0.9,,,
12/8/2016,-1.6575,,,
12/9/2016,-4.05,,,
12/10/2016,-5.0025,,,
12/11/2016,-5.17,,,
12/12/2016,-1.17,,,
12/13/2016,-5.5525,,,
12/14/2016,-10.2975,,,
12/15/2016,-11.0175,,,
12/16/2016,-10.49,,,
12/17/2016,-3.765,,,
12/18/2016,-7.305,,,
12/19/2016,-14.4175,,,
12/20/2016,-8.2675,,,
12/21/2016,-2.61,,,
12/22/2016,-1.7875,,,
12/23/2016,-1.4175,,,
12/24/2016,0.9325,,,
12/25/2016,-1.8575,,,
12/26/2016,1.8025,,,
12/27/2016,0.4575,,,
12/28/2016,-2.21,,,
12/29/2016,-0.745,,,
12/30/2016,-3.435,,,
12/31/2016,-1.7175,,,
1/1/2017,-3.095,,,
1/2/2017,-1.6925,,,
1/3/2017,1.08,,,
1/4/2017,-2.675,,,
1/5/2017,-8.7975,,,
1/6/2017,-11.6975,,,
1/7/2017,-11.68,,,
1/8/2017,-11.665,,,
1/9/2017,-8.1125,,,
1/10/2017,-2.21,,,
1/11/2017,1.6225,,,
1/12/2017,1.76,,,
1/13/2017,-4.5575,,,
1/14/2017,-7.265,,,
1/15/2017,-4.985,,,
1/16/2017,-3.55,,,
1/17/2017,-0.4075,,,
1/18/2017,0.5625,,,
1/19/2017,0.565,,,
1/20/2017,-0.265,,,
1/21/2017,1.8775,,,
1/22/2017,3.0125,,,
1/23/2017,1.02,,,
1/24/2017,-0.2175,,,
1/25/2017,1.29,,,
1/26/2017,1.3475,,,
1/27/2017,-1.21,,,
1/28/2017,-1.96,,,
1/29/2017,-4.95,,,
1/30/2017,-8.5875,,,
1/31/2017,-5.285,,,
2/1/2017,-2.4475,,,
2/2/2017,-6.895,,,
2/3/2017,-8.9825,,,
2/4/2017,-7.7175,,,
2/5/2017,-3.125,,,
2/6/2017,-4.0375,,,
2/7/2017,-1.2125,,,
2/8/2017,-2.3275,,,
2/9/2017,-9.7975,,,
2/10/2017,-7.4825,,,
2/11/2017,-1.5225,,,
2/12/2017,-1.885,,,
2/13/2017,-4.4375,,,
2/14/2017,-2.5125,,,
2/15/2017,-3.0925,,,
2/16/2017,-7.6875,,,
2/17/2017,-6.9,,,
2/18/2017,1.2925,,,
2/19/2017,4.28,,,
2/20/2017,0.39,,,
2/21/2017,2.4,,,
2/22/2017,4.5275,,,
2/23/2017,9.91,,,
2/24/2017,1.6275,,,
2/25/2017,3.4225,,,
2/26/2017,-1.83,,,
2/27/2017,1.1525,,,
2/28/2017,3.1575,,,
3/1/2017,9.0475,,,
3/2/2017,-5.4975,,,
3/3/2017,-7.06,,,
3/4/2017,-9.5875,,,
3/5/2017,-7.8275,,,
3/6/2017,-0.205,,,
3/7/2017,8.0875,,,
3/8/2017,3.8475,,,
3/9/2017,-0.7525,,,
3/10/2017,-5.7475,,,
3/11/2017,-9.5075,,,
3/12/2017,-10.1925,,,
3/13/2017,-9.555,,,
3/14/2017,-10.5425,,,
3/15/2017,-8.45,,,
3/16/2017,-5.6,,,
3/17/2017,-2.275,,,
3/18/2017,-0.195,,,
3/19/2017,0.3625,,,
3/20/2017,2.60225,,,
3/21/2017,3.1625,,,
3/22/2017,-5.6975,,,
3/23/2017,-3.425,,,
3/24/2017,2.4,,,
3/25/2017,1.6,,,
3/26/2017,1.85,,,
3/27/2017,8.925,,,
3/28/2017,5.825,,,
3/29/2017,3.575,,,
3/30/2017,1.1,,,
3/31/2017,1.7,,,
4/1/2017,3.075,,,
4/2/2017,6.25,,,
4/3/2017,6.85,,,
4/4/2017,8,,,
4/5/2017,5.0025,,,
4/6/2017,4.075,,,
4/7/2017,0.075,,,
4/8/2017,2.975,,,
4/9/2017,8.975,,,
4/10/2017,15.2,,,
4/11/2017,14.375,,,
4/12/2017,5.35,,,
4/13/2017,5.15,,,
4/14/2017,6.825,,,
4/15/2017,10.65,,,
4/16/2017,16.5,,,
4/17/2017,8.1,,,
4/18/2017,2.825,,,
4/19/2017,9.75,,,
4/20/2017,5.225,,,
4/21/2017,7.25,,,
4/22/2017,6.65,,,
4/23/2017,9.225,,,
4/24/2017,6.8525,,,
4/25/2017,7.15,,,
4/26/2017,10.65,,,
4/27/2017,14.75,,,
4/28/2017,11.1,,,
4/29/2017,9.1,,,
4/30/2017,4.125,,,
5/1/2017,5.5,,,
5/2/2017,8.09125,,,
5/3/2017,6.375,,,
5/4/2017,5.025,,,
5/5/2017,5.55,,,
5/6/2017,5.4,,,
5/7/2017,4.75,,,
5/8/2017,4.25,,,
5/9/2017,5.325,,,
5/10/2017,5.775,,,
5/11/2017,6.975,,,
5/12/2017,8.675,,,
5/13/2017,10.425,,,
5/14/2017,9.3,,,
5/15/2017,10.275,,,
5/16/2017,10.075,,,
5/17/2017,18.475,,,
5/18/2017,21.6,,,
5/19/2017,11.2,,,
5/20/2017,9.425,,,
5/21/2017,11.9625,,,
5/22/2017,13.2,,,
5/23/2017,13.775,,,
5/24/2017,14.325,,,
5/25/2017,11.375,,,
5/26/2017,13.155,,,
5/27/2017,13.77,,,
5/28/2017,13.4775,,,
5/29/2017,16.5,,,
5/30/2017,15.705,,,
5/31/2017,14.6525,,,
6/1/2017,11.6375,,,
6/2/2017,11.8,,,
6/3/2017,13.425,,,
6/4/2017,13.275,,,
6/5/2017,12.625,,,
6/6/2017,12.75,,,
6/7/2017,13.1,,,
6/8/2017,15.675,,,
6/9/2017,17.15,,,
6/10/2017,19.375,,,
6/11/2017,23.175,,,
6/12/2017,23.45,,,
6/13/2017,20.95,,,
6/14/2017,16.65,,,
6/15/2017,16.225,,,
6/16/2017,21.15,,,
6/17/2017,22.775,,,
6/18/2017,22.075,,,
6/19/2017,18.9,,,
6/20/2017,16.95,,,
6/21/2017,15.775,,,
6/22/2017,16.8,,,
6/23/2017,20.6,,,
6/24/2017,17.375,,,
6/25/2017,15.55,,,
6/26/2017,14.025,,,
6/27/2017,13.4,,,
6/28/2017,16.7,,,
6/29/2017,18.775,,,
6/30/2017,21.55,,,
7/1/2017,20.75,,,
7/2/2017,18.2,,,
7/3/2017,17.525,,,
7/4/2017,17.95,,,
7/5/2017,18.85,,,
7/6/2017,20.85,,,
7/7/2017,21.4,,,
7/8/2017,17.85,,,
7/9/2017,19.225,,,
7/10/2017,20,,,
7/11/2017,21.45,,,
7/12/2017,21.975,,,
7/13/2017,16.55,,,
7/14/2017,19.875,,,
7/15/2017,19.6,,,
7/16/2017,20.5,,,
7/17/2017,19.875,,,
7/18/2017,20.425,,,
7/19/2017,22.5645,,,
7/20/2017,20.81,,,
7/21/2017,22.8405,,,
7/22/2017,20.338,,,
7/23/2017,21.2205,,,
7/24/2017,18.10075,,,
7/25/2017,17.833,,,
7/26/2017,18.302,,,
7/27/2017,20.18275,,,
7/28/2017,18.1375,,,
7/29/2017,19.28525,,,
7/30/2017,22.089,,,
7/31/2017,22.495,,,
8/1/2017,22.75025,,,
8/2/2017,22.686,,,
8/3/2017,22.039,,,
8/4/2017,20.976,,,
8/5/2017,16.40275,,,
8/6/2017,18.025,,,
8/7/2017,17.6535,,,
8/8/2017,18.3175,,,
8/9/2017,20.957,,,
8/10/2017,20.869,,,
8/11/2017,20.3465,,,
8/12/2017,19.02525,,,
8/13/2017,19.37175,,,
8/14/2017,19.925,,,
8/15/2017,19.95,,,
8/16/2017,18.76925,,,
8/17/2017,19.027,,,
8/18/2017,21.44,,,
8/19/2017,18.73475,,,
8/20/2017,20.706,,,
8/21/2017,23.0365,,,
8/22/2017,20.90425,,,
8/23/2017,16.898,,,
8/24/2017,14.80375,,,
8/25/2017,14.57525,,,
8/26/2017,15.16675,,,
8/27/2017,16.582,,,
8/28/2017,18.691,,,
8/29/2017,18.6,,,
8/30/2017,18.15125,,,
8/31/2017,14.67,,,
9/1/2017,11.46225,,,
9/2/2017,13.44525,,,
9/3/2017,16.1785,,,
9/4/2017,20.00025,,,
9/5/2017,15.40625,,,
9/6/2017,14.13925,,,
9/7/2017,12.67525,,,
9/8/2017,12.055,,,
9/9/2017,10.89425,,,
9/10/2017,12.632,,,
9/11/2017,14.93725,,,
9/12/2017,16.6395,,,
9/13/2017,17.946,,,
9/14/2017,20.023,,,
9/15/2017,20.575,,,
9/16/2017,20.82925,,,
9/17/2017,21.11525,,,
9/18/2017,21.2,,,
9/19/2017,20.4895,,,
9/20/2017,20.52,,,
9/21/2017,20.64425,,,
9/22/2017,20.937,,,
9/23/2017,23.5395,,,
9/24/2017,24.833,,,
9/25/2017,24.6435,,,
9/26/2017,24.8195,,,
9/27/2017,20.551,,,
9/28/2017,12.36875,,,
9/29/2017,11.6065,,,
9/30/2017,8.58875,,,
10/1/2017,10.31825,,,
10/2/2017,12.7205,,,
10/3/2017,16.32975,,,
10/4/2017,19.973,,,
10/5/2017,14.45075,,,
10/6/2017,15.67725,,,
10/7/2017,19.52475,,,
10/8/2017,20.03525,,,
10/9/2017,17.90525,,,
10/10/2017,16.2495,,,
10/11/2017,9.71225,,,
10/12/2017,10.25725,,,
10/13/2017,14.681,,,
10/14/2017,15.35625,,,
10/15/2017,16.42725,,,
10/16/2017,6.6075,,,
10/17/2017,10.08475,,,
10/18/2017,13.456,,,
10/19/2017,13.87,,,
10/20/2017,13.38275,,,
10/21/2017,15.0065,,,
10/22/2017,15.4885,,,
10/23/2017,16.46125,,,
10/24/2017,12.259,,,
10/25/2017,7.39125,,,
10/26/2017,5.62425,,,
10/27/2017,8.55525,,,
10/28/2017,8.00225,,,
10/29/2017,4.99975,,,
10/30/2017,5.91725,,,
10/31/2017,3.87025,,,
11/1/2017,4.6135,,,
11/2/2017,9.94125,,,
11/3/2017,7.90075,,,
11/4/2017,4.6385,,,
11/5/2017,11.52625,,,
11/6/2017,6.9505,,,
11/7/2017,3.32375,,,
11/8/2017,2.8725,,,
11/9/2017,3.3475,,,
11/10/2017,-6.6035,,,
11/11/2017,-4.57475,,,
11/12/2017,0.915,,,
11/13/2017,2.54775,,,
11/14/2017,2.54,,,
11/15/2017,3.5995,,,
11/16/2017,4.78925,,,
11/17/2017,-0.32725,,,
11/18/2017,5.13725,,,
11/19/2017,0.92125,,,
11/20/2017,0.9525,,,
11/21/2017,5.90525,,,
11/22/2017,-0.6495,,,
11/23/2017,-0.14,,,
11/24/2017,3.9235,,,
11/25/2017,6.687,,,
11/26/2017,1.0575,,,
11/27/2017,0.746,,,
11/28/2017,6.65125,,,
11/29/2017,4.45975,,,
11/30/2017,2.32025,,,
12/1/2017,2.9295,,,
12/2/2017,3.236,,,
12/3/2017,3.8935,,,
12/4/2017,4.34875,,,
12/5/2017,8.22175,,,
12/6/2017,-0.038,,,
12/7/2017,-1.6065,,,
12/8/2017,-2.53175,,,
12/9/2017,-1.95125,,,
12/10/2017,-2.52025,,,
12/11/2017,-4.7525,,,
12/12/2017,-5.13575,,,
12/13/2017,-10.25475,,,
12/14/2017,-11.337,,,
12/15/2017,-7.6755,,,
12/16/2017,-7.0915,,,
12/17/2017,-9.67825,,,
12/18/2017,-0.5775,,,
12/19/2017,2.88175,,,
12/20/2017,-1.29575,,,
12/21/2017,-4.416,,,
12/22/2017,-6.122,,,
12/23/2017,-3.1555,,,
12/24/2017,-4.94175,,,
12/25/2017,-7.1805,,,
12/26/2017,-14.62275,,,
12/27/2017,-16.30925,,,
12/28/2017,-19.493,,,
12/29/2017,-14.4275,,,
12/30/2017,-12.322,,,
12/31/2017,-20.0305,,,
1/1/2018,-15.30975,,,
1/2/2018,-10.989,,,
1/3/2018,-12.32475,,,
1/4/2018,-13.3185,,,
1/5/2018,-19.031,,,
1/6/2018,-19.77825,,,
1/7/2018,-13.78,,,
1/8/2018,-1.05675,,,
1/9/2018,-3.24925,,,
1/10/2018,-3.108,,,
1/11/2018,6.22975,,,
1/12/2018,0.51275,,,
1/13/2018,-13.127,,,
1/14/2018,-10.68975,,,
1/15/2018,-8.866,,,
1/16/2018,-6.99275,,,
1/17/2018,-8.46625,,,
1/18/2018,-6.2325,,,
1/19/2018,-3.29425,,,
1/20/2018,1.494,,,
1/21/2018,0.813,,,
1/22/2018,0.524,,,
1/23/2018,1.041,,,
1/24/2018,-6.997,,,
1/25/2018,-7.3385,,,
1/26/2018,-1.8135,,,
1/27/2018,4.63325,,,
1/28/2018,1.01075,,,
1/29/2018,-2.97475,,,
1/30/2018,-10.2575,,,
1/31/2018,-6.63875,,,
2/1/2018,-2.52075,,,
2/2/2018,-11.9715,,,
2/3/2018,-8.4705,,,
2/4/2018,-3.02275,,,
2/5/2018,-11.467,,,
2/6/2018,-9.75825,,,
2/7/2018,-9.5395,,,
2/8/2018,-11.14,,,
2/9/2018,-9.46325,,,
2/10/2018,-8.014,,,
2/11/2018,-5.7355,,,
2/12/2018,-7.857,,,
2/13/2018,-10.00475,,,
2/14/2018,-2.911,,,
2/15/2018,3.32575,,,
2/16/2018,-1.52525,,,
2/17/2018,-4.4125,,,
2/18/2018,-1.74825,,,
2/19/2018,0.666,,,
2/20/2018,9.246,,,
2/21/2018,6.10525,,,
2/22/2018,-0.98775,,,
2/23/2018,0.80925,,,
2/24/2018,1.3155,,,
2/25/2018,3.99325,,,
2/26/2018,2.345,,,
2/27/2018,5.464,,,
2/28/2018,7.4655,,,
3/1/2018,1.66,,,
3/2/2018,-0.163,,,
3/3/2018,-1.093,,,
3/4/2018,-2.23125,,,
3/5/2018,-2.51875,,,
3/6/2018,-0.90925,,,
3/7/2018,0.0425,,,
3/8/2018,-1.971,,,
3/9/2018,-1.01775,,,
3/10/2018,-1.51875,,,
3/11/2018,-1.725,,,
3/12/2018,-2.0405,,,
3/13/2018,-1.9735,,,
3/14/2018,-1.9435,,,
3/15/2018,-1.0685,,,
3/16/2018,-4.62575,,,
3/17/2018,-1.7545,,,
3/18/2018,0.28275,,,
3/19/2018,-3.195,,,
3/20/2018,-2.23425,,,
3/21/2018,-0.98325,,,
3/22/2018,-0.99825,,,
3/23/2018,-1.1035,,,
3/24/2018,-2.64025,,,
3/25/2018,-2.6865,,,
3/26/2018,2.45525,,,
3/27/2018,3.45975,,,
3/28/2018,4.70425,,,
3/29/2018,2.767,,,
3/30/2018,2.1235,,,
3/31/2018,3.29625,,,
4/1/2018,-0.70475,,,
4/2/2018,1.0555,,,
4/3/2018,2.29175,,,
4/4/2018,0.44475,,,
4/5/2018,-2.423,,,
4/6/2018,-0.17875,,,
4/7/2018,-2.9905,,,
4/8/2018,-3.03475,,,
4/9/2018,-1.35775,,,
4/10/2018,0.59725,,,
4/11/2018,1.48575,,,
4/12/2018,3.79125,,,
4/13/2018,2.13975,,,
4/14/2018,-1.127,,,
4/15/2018,-3.38825,,,
4/16/2018,2.534,,,
4/17/2018,-0.8815,,,
4/18/2018,0.81625,,,
4/19/2018,-0.20925,,,
4/20/2018,0.51975,,,
4/21/2018,4.72025,,,
4/22/2018,7.8595,,,
4/23/2018,10.3705,,,
4/24/2018,11.98825,,,
4/25/2018,8.15875,,,
4/26/2018,7.00825,,,
4/27/2018,8.72,,,
4/28/2018,4.50575,,,
4/29/2018,3.9355,,,
4/30/2018,9.09575,,,
5/1/2018,16.01175,,,
5/2/2018,20.7595,,,
5/3/2018,17.48325,,,
5/4/2018,12.33875,,,
5/5/2018,15.44775,,,
5/6/2018,14.03125,,,
5/7/2018,11.69375,,,
5/8/2018,13.46625,,,
5/9/2018,16.18725,,,
5/10/2018,16.0095,,,
5/11/2018,7.154,,,
5/12/2018,9.21775,,,
5/13/2018,11.641,,,
5/14/2018,16.09875,,,
5/15/2018,16.14275,,,
5/16/2018,13.87125,,,
5/17/2018,16.29825,,,
5/18/2018,11.7815,,,
5/19/2018,12.57025,,,
5/20/2018,14.8565,,,
5/21/2018,13.487,,,
5/22/2018,14.347,,,
5/23/2018,16.08475,,,
5/24/2018,18.95925,,,
5/25/2018,21.0675,,,
5/26/2018,21.681,,,
5/27/2018,19.32275,,,
5/28/2018,22.44625,,,
5/29/2018,21.11975,,,
5/30/2018,20.911,,,
5/31/2018,23.07175,,,
6/1/2018,21.12425,,,
6/2/2018,16.08425,,,
6/3/2018,17.06925,,,
6/4/2018,14.66825,,,
6/5/2018,12.38275,,,
6/6/2018,12.012,,,
6/7/2018,15.92,,,
6/8/2018,16.88025,,,
6/9/2018,16.416,,,
6/10/2018,16.73775,,,
6/11/2018,16.5265,,,
6/12/2018,18.49225,,,
6/13/2018,20.059,,,
6/14/2018,17.4135,,,
6/15/2018,18.22975,,,
6/16/2018,20.619,,,
6/17/2018,23.8735,,,
6/18/2018,24.48975,,,
6/19/2018,18.85475,,,
6/20/2018,19.0575,,,
6/21/2018,17.485,,,
6/22/2018,16.975,,,
6/23/2018,18.2,,,
6/24/2018,16.86525,,,
6/25/2018,15.975,,,
6/26/2018,16.6845,,,
6/27/2018,18.90275,,,
6/28/2018,21.9515,,,
6/29/2018,24.1455,,,
6/30/2018,26.7085,,,
7/1/2018,27.1305,,,
7/2/2018,25.84675,,,
7/3/2018,23.679,,,
7/4/2018,24.8945,,,
7/5/2018,26.42675,,,
7/6/2018,18.12275,,,
7/7/2018,19.1305,,,
7/8/2018,21.188,,,
7/9/2018,22.4705,,,
7/10/2018,22.66625,,,
7/11/2018,20.377,,,
7/12/2018,21.817,,,
7/13/2018,24.46075,,,
7/14/2018,22.975,,,
7/15/2018,24.27,,,
7/16/2018,24.48125,,,
7/17/2018,21.1065,,,
7/18/2018,18.743,,,
7/19/2018,19.38775,,,
7/20/2018,23.53025,,,
7/21/2018,22.97,,,
7/22/2018,18.529,,,
7/23/2018,23.05,,,
7/24/2018,23.58625,,,
7/25/2018,22.46125,,,
7/26/2018,21.73075,,,
7/27/2018,20.148,,,
7/28/2018,18.3365,,,
7/29/2018,19.00675,,,
7/30/2018,20.575,,,
7/31/2018,21.5745,,,
8/1/2018,22.0475,,,
8/2/2018,21.775,,,
8/3/2018,22.775,,,
8/4/2018,23.525,,,
8/5/2018,25.13175,,,
8/6/2018,25.99775,,,
8/7/2018,23.18075,,,
8/8/2018,21.603,,,
8/9/2018,21.3895,,,
8/10/2018,19.95375,,,
8/11/2018,21.063,,,
8/12/2018,21.97025,,,
8/13/2018,22.317,,,
8/14/2018,23.43375,,,
8/15/2018,24.253,,,
8/16/2018,24.0295,,,
8/17/2018,23.53175,,,
8/18/2018,21.39625,,,
8/19/2018,20.904,,,
8/20/2018,21.885,,,
8/21/2018,21.6355,,,
8/22/2018,18.1825,,,
8/23/2018,18.8,,,
8/24/2018,20.43225,,,
8/25/2018,21.18625,,,
8/26/2018,22.61025,,,
8/27/2018,22.747,,,
8/28/2018,25.619,,,
8/29/2018,24.222,,,
8/30/2018,16.79675,,,
8/31/2018,17.891,,,
9/1/2018,22.20125,,,
9/2/2018,24.2415,,,
9/3/2018,25.0005,,,
9/4/2018,22.67825,,,
9/5/2018,25.8135,,,
9/6/2018,20.76625,,,
9/7/2018,17.81225,,,
9/8/2018,13.925,,,
9/9/2018,13.71025,,,
9/10/2018,14.40375,,,
9/11/2018,16.344,,,
9/12/2018,17.6165,,,
9/13/2018,19.72575,,,
9/14/2018,22.504,,,
9/15/2018,23.36625,,,
9/16/2018,23.1845,,,
9/17/2018,22.2605,,,
9/18/2018,19.89925,,,
9/19/2018,15.68975,,,
9/20/2018,16.28725,,,
9/21/2018,22.57125,,,
9/22/2018,12.72,,,
9/23/2018,13.09575,,,
9/24/2018,15.501,,,
9/25/2018,18.29475,,,
9/26/2018,17.4325,,,
9/27/2018,12.694,,,
9/28/2018,14.193,,,
9/29/2018,10.911,,,
9/30/2018,9.571,,,
10/1/2018,8.3065,,,
10/2/2018,9.8525,,,
10/3/2018,11.8855,,,
10/4/2018,16.43525,,,
10/5/2018,8.60125,,,
10/6/2018,15.10875,,,
10/7/2018,13.43925,,,
10/8/2018,13.225,,,
10/9/2018,20.72475,,,
10/10/2018,21.02225,,,
10/11/2018,17.23275,,,
10/12/2018,7.24225,,,
10/13/2018,5.78775,,,
10/14/2018,8.022,,,
10/15/2018,8.7085,,,
10/16/2018,5.74325,,,
10/17/2018,5.514,,,
10/18/2018,2.32725,,,
10/19/2018,8.80225,,,
10/20/2018,7.59775,,,
10/21/2018,2.66275,,,
10/22/2018,5.73575,,,
10/23/2018,5.04225,,,
10/24/2018,2.696,,,
10/25/2018,2.822,,,
10/26/2018,5.5915,,,
10/27/2018,3.61325,,,
10/28/2018,2.2425,,,
10/29/2018,4.549,,,
10/30/2018,4.717,,,
10/31/2018,9.54275,,,
11/1/2018,6.43875,,,
11/2/2018,4.2005,,,
11/3/2018,3.1715,,,
11/4/2018,3.5635,,,
11/5/2018,8.981,,,
11/6/2018,10.35475,,,
11/7/2018,6.2005,,,
11/8/2018,3.12625,,,
11/9/2018,1.84975,,,
11/10/2018,-1.29225,,,
11/11/2018,-1.09075,,,
11/12/2018,1.10875,,,
11/13/2018,-1.262,,,
11/14/2018,-4.40625,,,
11/15/2018,-1.94425,,,
11/16/2018,0.435,,,
11/17/2018,-1.4635,,,
11/18/2018,-2.66525,,,
11/19/2018,-1.73725,,,
11/20/2018,-2.455,,,
11/21/2018,-4.7925,,,
11/22/2018,-11.49225,,,
11/23/2018,-3.55125,,,
11/24/2018,1.80825,,,
11/25/2018,3.397,,,
11/26/2018,2.8195,,,
11/27/2018,0.003,,,
11/28/2018,-0.75925,,,
11/29/2018,-0.503,,,
11/30/2018,-0.06275,,,
12/1/2018,0.928,,,
12/2/2018,6.25325,,,
12/3/2018,2.13275,,,
12/4/2018,-2.649,,,
12/5/2018,-1.90625,,,
12/6/2018,-1.09725,,,
12/7/2018,-5.44075,,,
12/8/2018,-3.3095,,,
12/9/2018,-2.85475,,,
12/10/2018,-1.49825,,,
12/11/2018,-1.841,,,
12/12/2018,-0.8805,,,
12/13/2018,1.16075,,,
12/14/2018,2.068,,,
12/15/2018,1.1195,,,
12/16/2018,1.2705,,,
12/17/2018,0.64475,,,
12/18/2018,-2.732,,,
12/19/2018,0.43225,,,
12/20/2018,1.90975,,,
12/21/2018,1.982,,,
12/22/2018,-1.5015,,,
12/23/2018,-0.34525,,,
12/24/2018,-0.30075,,,
12/25/2018,-2.614,,,
12/26/2018,-1.44,,,
12/27/2018,-2.0595,,,
12/28/2018,5.7155,,,
12/29/2018,-2.458,,,
12/30/2018,-2.125,,,
12/31/2018,0.123,,,
1/1/2019,-0.483,,,
1/2/2019,-5.557,,,
1/3/2019,-1.06775,,,
1/4/2019,1.22575,,,
1/5/2019,0.639,,,
1/6/2019,-0.8775,,,
1/7/2019,-3.54325,,,
1/8/2019,2.94875,,,
1/9/2019,-1.01475,,,
1/10/2019,-6.54175,,,
1/11/2019,-9.88575,,,
1/12/2019,-7.16,,,
1/13/2019,-8.136,,,
1/14/2019,-5.82625,,,
1/15/2019,-3.0775,,,
1/16/2019,-4.40675,,,
1/17/2019,-7.784,,,
1/18/2019,-3.6295,,,
1/19/2019,-12.31025,,,
1/20/2019,-17.10575,,,
1/21/2019,-17.22675,,,
1/22/2019,-11.15625,,,
1/23/2019,0.53125,,,
1/24/2019,-1.81075,,,
1/25/2019,-7.11975,,,
1/26/2019,-12.111,,,
1/27/2019,-10.27075,,,
1/28/2019,-15.02625,,,
1/29/2019,-8.24925,,,
1/30/2019,-19.67725,,,
1/31/2019,-18.67625,,,
2/1/2019,-17.415,,,
2/2/2019,-7.28825,,,
2/3/2019,1.6925,,,
2/4/2019,5.184,,,
2/5/2019,0.543,,,
2/6/2019,-4.66575,,,
2/7/2019,-3.652,,,
2/8/2019,-2.533,,,
2/9/2019,-7.38125,,,
2/10/2019,-6.66775,,,
2/11/2019,-5.03375,,,
2/12/2019,-5.208,,,
2/13/2019,-3.1865,,,
2/14/2019,-3.1185,,,
2/15/2019,-0.831,,,
2/16/2019,-6.3565,,,
2/17/2019,-9.50725,,,
2/18/2019,-9.871,,,
2/19/2019,-10.792,,,
2/20/2019,-6.295,,,
2/21/2019,0.1805,,,
2/22/2019,-2.80975,,,
2/23/2019,-2.47275,,,
2/24/2019,1.994,,,
2/25/2019,-4.927,,,
2/26/2019,-8.988,,,
2/27/2019,-10.77275,,,
2/28/2019,-11.484,,,
3/1/2019,-6.8585,,,
3/2/2019,-4.6605,,,
3/3/2019,-6.61575,,,
3/4/2019,-11.943,,,
3/5/2019,-13.07875,,,
3/6/2019,-12.34475,,,
3/7/2019,-11.12725,,,
3/8/2019,-8.947,,,
3/9/2019,-4.995,,,
3/10/2019,1.987,,,
3/11/2019,-0.1915,,,
3/12/2019,-2.38075,,,
3/13/2019,-0.25825,,,
3/14/2019,2.81225,,,
3/15/2019,5.7665,,,
3/16/2019,-1.5605,,,
3/17/2019,-3.0275,,,
3/18/2019,-1.46475,,,
3/19/2019,0.45075,,,
3/20/2019,3.186,,,
3/21/2019,4.2135,,,
3/22/2019,0.2405,,,
3/23/2019,-2.50125,,,
3/24/2019,2.9655,,,
3/25/2019,-1.04125,,,
3/26/2019,-0.671,,,
3/27/2019,2.281,,,
3/28/2019,5.817,,,
3/29/2019,5.71525,,,
3/30/2019,2.61975,,,
3/31/2019,-1.0205,,,
4/1/2019,-2.855,,,
4/2/2019,2.22375,,,
4/3/2019,2.971,,,
4/4/2019,0.70975,,,
4/5/2019,2.29325,,,
4/6/2019,6.50675,,,
4/7/2019,8.696,,,
4/8/2019,10.5975,,,
4/9/2019,6.4935,,,
4/10/2019,2.475,,,
4/11/2019,0.4745,,,
4/12/2019,8.77475,,,
4/13/2019,8.89975,,,
4/14/2019,2.80875,,,
4/15/2019,2.64,,,
4/16/2019,3.75125,,,
4/17/2019,6.44825,,,
4/18/2019,13.7395,,,
4/19/2019,8.24425,,,
4/20/2019,4.76825,,,
4/21/2019,7.66525,,,
4/22/2019,11.10575,,,
4/23/2019,10.77125,,,
4/24/2019,6.81075,,,
4/25/2019,9.03025,,,
4/26/2019,7.794,,,
4/27/2019,3.65925,,,
4/28/2019,4.57375,,,
4/29/2019,2.90275,,,
4/30/2019,5.1265,,,
5/1/2019,6.7865,,,
5/2/2019,7.74575,,,
5/3/2019,8.14975,,,
5/4/2019,9.373,,,
5/5/2019,11.03375,,,
5/6/2019,14.3405,,,
5/7/2019,9.45975,,,
5/8/2019,7.45825,,,
5/9/2019,11.51525,,,
5/10/2019,11.211,,,
5/11/2019,7.2025,,,
5/12/2019,7.0925,,,
5/13/2019,5.94925,,,
5/14/2019,8.6115,,,
5/15/2019,11.65125,,,
5/16/2019,10.93425,,,
5/17/2019,12.34725,,,
5/18/2019,9.488,,,
5/19/2019,15.40225,,,
5/20/2019,12.06425,,,
5/21/2019,10.43975,,,
5/22/2019,11.16525,,,
5/23/2019,14.46975,,,
5/24/2019,14.23425,,,
5/25/2019,15.35575,,,
5/26/2019,17.24,,,
5/27/2019,15.03875,,,
5/28/2019,10.0145,,,
5/29/2019,12.08125,,,
5/30/2019,14.1695,,,
5/31/2019,14.00275,,,
6/1/2019,15.88375,,,
6/2/2019,12.6675,,,
6/3/2019,9.55325,,,
6/4/2019,11.99075,,,
6/5/2019,15.69625,,,
6/6/2019,16.98775,,,
6/7/2019,17.2905,,,
6/8/2019,16.9505,,,
6/9/2019,17.43475,,,
6/10/2019,16.28325,,,
6/11/2019,14.605,,,
6/12/2019,15.01,,,
6/13/2019,14.25325,,,
6/14/2019,13.9125,,,
6/15/2019,15.52225,,,
6/16/2019,13.949,,,
6/17/2019,13.23325,,,
6/18/2019,18.45225,,,
6/19/2019,18.19425,,,
6/20/2019,15.9,,,
6/21/2019,15.813,,,
6/22/2019,16.0815,,,
6/23/2019,17.45725,,,
6/24/2019,18.79975,,,
6/25/2019,19.69175,,,
6/26/2019,20.57175,,,
6/27/2019,21.5565,,,
6/28/2019,21.679,,,
6/29/2019,21.0925,,,
6/30/2019,17.5885,,,
7/1/2019,19.23125,,,
7/2/2019,21.5555,,,
7/3/2019,21.45475,,,
7/4/2019,23.01875,,,
7/5/2019,24.86325,,,
7/6/2019,22.98025,,,
7/7/2019,19.53525,,,
7/8/2019,18.71625,,,
7/9/2019,19.718,,,
7/10/2019,22.2595,,,
7/11/2019,22.124,,,
7/12/2019,18.99825,,,
7/13/2019,20.8055,,,
7/14/2019,18.765,,,
7/15/2019,19.5895,,,
7/16/2019,22.67375,,,
7/17/2019,23.0195,,,
7/18/2019,22.988,,,
7/19/2019,25.0285,,,
7/20/2019,26.295,,,
7/21/2019,22.643,,,
7/22/2019,18.99175,,,
7/23/2019,18.228,,,
7/24/2019,17.88575,,,
7/25/2019,20.43025,,,
7/26/2019,22.01325,,,
7/27/2019,21.8665,,,
7/28/2019,23.1735,,,
7/29/2019,23.19875,,,
7/30/2019,21.59925,,,
7/31/2019,18.31475,,,
8/1/2019,18.842,,,
8/2/2019,20.07,,,
8/3/2019,20.927,,,
8/4/2019,19.508,,,
8/5/2019,21.01225,,,
8/6/2019,20.52475,,,
8/7/2019,20.811,,,
8/8/2019,19.87575,,,
8/9/2019,17.6685,,,
8/10/2019,16.8705,,,
8/11/2019,18.84925,,,
8/12/2019,20.6345,,,
8/13/2019,20.35,,,
8/14/2019,17.6615,,,
8/15/2019,17.78875,,,
8/16/2019,19.179,,,
8/17/2019,20.74925,,,
8/18/2019,21.937,,,
8/19/2019,21.13575,,,
8/20/2019,20.7415,,,
8/21/2019,22.44525,,,
8/22/2019,17.32175,,,
8/23/2019,15.137,,,
8/24/2019,15.15675,,,
8/25/2019,17.022,,,
8/26/2019,18.653,,,
8/27/2019,19.052,,,
8/28/2019,19.11625,,,
8/29/2019,17.25,,,
8/30/2019,17.7085,,,
8/31/2019,14.45975,,,
9/1/2019,15.182,,,
9/2/2019,17.334,,,
9/3/2019,17.10125,,,
9/4/2019,17.23375,,,
9/5/2019,14.78,,,
9/6/2019,13.72875,,,
9/7/2019,14.593,,,
9/8/2019,12.2605,,,
9/9/2019,12.0585,,,
9/10/2019,17.13225,,,
9/11/2019,21.123,,,
9/12/2019,14.8925,,,
9/13/2019,16.305,,,
9/14/2019,17.1205,,,
9/15/2019,15.332,,,
9/16/2019,15.6975,,,
9/17/2019,16.33975,,,
9/18/2019,17.08725,,,
9/19/2019,17.16975,,,
9/20/2019,17.84775,,,
9/21/2019,20.1675,,,
9/22/2019,22.284,,,
9/23/2019,20.2955,,,
9/24/2019,15.05825,,,
9/25/2019,17.25025,,,
9/26/2019,15.48275,,,
9/27/2019,14.76625,,,
9/28/2019,16.508,,,
9/29/2019,11.37525,,,
9/30/2019,14.01825,,,
10/1/2019,20.642,,,
10/2/2019,14.60425,,,
10/3/2019,9.29475,,,
10/4/2019,7.537,,,
10/5/2019,8.431,,,
10/6/2019,14.1745,,,
10/7/2019,12.36275,,,
10/8/2019,10.904,,,
10/9/2019,11.05625,,,
10/10/2019,11.259,,,
10/11/2019,13.0035,,,
10/12/2019,11.07025,,,
10/13/2019,8.9265,,,
10/14/2019,6.65325,,,
10/15/2019,7.45225,,,
10/16/2019,9.24825,,,
10/17/2019,7.47825,,,
10/18/2019,5.53175,,,
10/19/2019,5.813,,,
10/20/2019,9.88825,,,
10/21/2019,11.51825,,,
10/22/2019,12.68525,,,
10/23/2019,7.5415,,,
10/24/2019,8.55075,,,
10/25/2019,7.4435,,,
10/26/2019,5.86325,,,
10/27/2019,11.2025,,,
10/28/2019,9.425,,,
10/29/2019,11.03975,,,
10/30/2019,7.67625,,,
10/31/2019,8.03025,,,
11/1/2019,1.876,,,
11/2/2019,2.77825,,,
11/3/2019,1.86825,,,
11/4/2019,6.165,,,
11/5/2019,4.89075,,,
11/6/2019,1.2735,,,
11/7/2019,-0.13725,,,
11/8/2019,-3.80225,,,
11/9/2019,-0.71175,,,
11/10/2019,1.79,,,
11/11/2019,-3.471,,,
11/12/2019,-8.986,,,
11/13/2019,-10.08425,,,
11/14/2019,-3.51825,,,
11/15/2019,-1.66125,,,
11/16/2019,-8.47075,,,
11/17/2019,-3.963,,,
11/18/2019,0.242,,,
11/19/2019,1.02475,,,
11/20/2019,1.871,,,
11/21/2019,2.72225,,,
11/22/2019,2.49875,,,
11/23/2019,0.6035,,,
11/24/2019,1.6885,,,
11/25/2019,3.831,,,
11/26/2019,5.38,,,
11/27/2019,5.08575,,,
11/28/2019,1.2075,,,
11/29/2019,-1.7855,,,
11/30/2019,-2.256,,,
12/1/2019,-2.49,,,
12/2/2019,-2.62425,,,
12/3/2019,-2.933,,,
12/4/2019,-0.4955,,,
12/5/2019,-1.9685,,,
12/6/2019,-2.39025,,,
12/7/2019,-5.20175,,,
12/8/2019,-0.35325,,,
12/9/2019,4.10675,,,
12/10/2019,0.248,,,
12/11/2019,-5.37375,,,
12/12/2019,-5.2675,,,
12/13/2019,-0.13175,,,
12/14/2019,0.88375,,,
12/15/2019,-1.91825,,,
12/16/2019,-2.84375,,,
12/17/2019,-2.589,,,
12/18/2019,-7.51575,,,
12/19/2019,-10.31625,,,
12/20/2019,-7.41225,,,
12/21/2019,-3.10525,,,
12/22/2019,1.36475,,,
12/23/2019,2.90325,,,
12/24/2019,-1.60325,,,
12/25/2019,-0.70575,,,
12/26/2019,0.61875,,,
12/27/2019,4.49675,,,
12/28/2019,0.8795,,,
12/29/2019,0.38725,,,
12/30/2019,3.127,,,
12/31/2019,-0.6655,,,
1/1/2020,-2.4345,,,
1/2/2020,1.803,,,
1/3/2020,2.74,,,
1/4/2020,-0.3035,,,
1/5/2020,-1.86825,,,
1/6/2020,-0.7945,,,
1/7/2020,-1.91575,,,
1/8/2020,-5.38025,,,
1/9/2020,-7.6335,,,
1/10/2020,3.19075,,,
1/11/2020,3.367,,,
1/12/2020,-6.05925,,,
1/13/2020,-3.07075,,,
1/14/2020,-0.8095,,,
1/15/2020,-0.2215,,,
1/16/2020,-2.3605,,,
1/17/2020,-12.274,,,
1/18/2020,-4.95025,,,
1/19/2020,-5.5845,,,
1/20/2020,-11.76025,,,
1/21/2020,-7.16725,,,
1/22/2020,-4.47075,,,
1/23/2020,-2.58,,,
1/24/2020,-0.9655,,,
1/25/2020,1.50125,,,
1/26/2020,0.697,,,
1/27/2020,-0.84925,,,
1/28/2020,-1.89025,,,
1/29/2020,-5.61575,,,
1/30/2020,-4.78,,,
1/31/2020,-3.179,,,
2/1/2020,-2.9635,,,
2/2/2020,-1.11475,,,
2/3/2020,0.9325,,,
2/4/2020,-0.41625,,,
2/5/2020,-6.193,,,
2/6/2020,-5.11275,,,
2/7/2020,-7.09875,,,
2/8/2020,-12.974,,,
2/9/2020,-6.117,,,
2/10/2020,-1.31025,,,
2/11/2020,-2.142,,,
2/12/2020,-3.4705,,,
2/13/2020,-5.32975,,,
2/14/2020,-15.3885,,,
2/15/2020,-8.10525,,,
2/16/2020,-2.15425,,,
2/17/2020,-5.71175,,,
2/18/2020,0.0265,,,
2/19/2020,-5.15175,,,
2/20/2020,-8.578,,,
2/21/2020,-7.152,,,
2/22/2020,-2.57475,,,
2/23/2020,0.6445,,,
2/24/2020,2.18275,,,
2/25/2020,0.4185,,,
2/26/2020,-1.681,,,
2/27/2020,-5.373,,,
2/28/2020,-7.0465,,,
2/29/2020,-10.67925,,,
3/1/2020,-5.44425,,,
3/2/2020,1.913,,,
3/3/2020,0.30225,,,
3/4/2020,0.6885,,,
3/5/2020,-0.735,,,
3/6/2020,-0.85725,,,
3/7/2020,-4.29925,,,
3/8/2020,2.8415,,,
3/9/2020,9.188,,,
3/10/2020,6.249,,,
3/11/2020,0.36325,,,
3/12/2020,1.86725,,,
3/13/2020,4.197,,,
3/14/2020,0.72525,,,
3/15/2020,-1.58,,,
3/16/2020,-0.62375,,,
3/17/2020,2.37125,,,
3/18/2020,0.68325,,,
3/19/2020,3.451,,,
3/20/2020,7.2725,,,
3/21/2020,-4.50675,,,
3/22/2020,-3.13775,,,
3/23/2020,0.394,,,
3/24/2020,0.723,,,
3/25/2020,3.62775,,,
3/26/2020,5.54225,,,
3/27/2020,4.25325,,,
3/28/2020,4.38125,,,
3/29/2020,8.94825,,,
3/30/2020,6.31775,,,
3/31/2020,5.30625,,,
4/1/2020,4.42675,,,
4/2/2020,4.945,,,
4/3/2020,4.6205,,,
4/4/2020,7.10175,,,
4/5/2020,7.099,,,
4/6/2020,6.87275,,,
4/7/2020,7.95375,,,
4/8/2020,8.39775,,,
4/9/2020,4.982,,,
4/10/2020,1.64325,,,
4/11/2020,2.63025,,,
4/12/2020,5.86925,,,
4/13/2020,8.44325,,,
4/14/2020,1.8725,,,
4/15/2020,0.19225,,,
4/16/2020,-0.22675,,,
4/17/2020,1.06275,,,
4/18/2020,3.31775,,,
4/19/2020,5.56925,,,
4/20/2020,2.34575,,,
4/21/2020,1.17875,,,
4/22/2020,-0.51125,,,
4/23/2020,1.51075,,,
4/24/2020,4.367,,,
4/25/2020,6.888,,,
4/26/2020,7.775,,,
4/27/2020,8.37425,,,
4/28/2020,7.288,,,
4/29/2020,8.98075,,,
4/30/2020,11.5645,,,
5/1/2020,9.61475,,,
5/2/2020,11.40475,,,
5/3/2020,13.26625,,,
5/4/2020,6.0205,,,
5/5/2020,4.041,,,
5/6/2020,6.0065,,,
5/7/2020,4.8495,,,
5/8/2020,1.00575,,,
5/9/2020,1.12525,,,
5/10/2020,2.92875,,,
5/11/2020,2.941,,,
5/12/2020,2.72125,,,
5/13/2020,5.42425,,,
5/14/2020,6.89825,,,
5/15/2020,11.75325,,,
5/16/2020,11.025,,,
5/17/2020,11.36125,,,
5/18/2020,11.4045,,,
5/19/2020,12.4075,,,
5/20/2020,13.24475,,,
5/21/2020,13.70275,,,
5/22/2020,16.511,,,
5/23/2020,17.40325,,,
5/24/2020,19.0095,,,
5/25/2020,22.374,,,
5/26/2020,23.58875,,,
5/27/2020,22.386,,,
5/28/2020,19.13,,,
5/29/2020,18.46475,,,
5/30/2020,12.097,,,
5/31/2020,9.33575,,,
6/1/2020,12.86975,,,
6/2/2020,16.948,,,
6/3/2020,18.6635,,,
6/4/2020,20.41025,,,
6/5/2020,21.13075,,,
6/6/2020,17.052,,,
6/7/2020,13.2605,,,
6/8/2020,15.1165,,,
6/9/2020,21.631,,,
6/10/2020,22.48325,,,
6/11/2020,17.993,,,
6/12/2020,12.91875,,,
6/13/2020,10.80925,,,
6/14/2020,12.27775,,,
6/15/2020,14.056,,,
6/16/2020,15.89275,,,
6/17/2020,18.3945,,,
6/18/2020,20.49625,,,
6/19/2020,21.85875,,,
6/20/2020,22.63775,,,
6/21/2020,22.8715,,,
6/22/2020,22.262,,,
6/23/2020,20.06325,,,
6/24/2020,16.3025,,,
6/25/2020,17.15875,,,
6/26/2020,20.11275,,,
6/27/2020,21.2855,,,
6/28/2020,20.13725,,,
6/29/2020,21.39825,,,
6/30/2020,21.22175,,,
7/1/2020,22.10675,,,
7/2/2020,23.9285,,,
7/3/2020,23.30525,,,
7/4/2020,22.00375,,,
7/5/2020,22.678,,,
7/6/2020,23.783,,,
7/7/2020,24.9415,,,
7/8/2020,25.07,,,
7/9/2020,25.66125,,,
7/10/2020,26.31775,,,
7/11/2020,21.85,,,
7/12/2020,20.20225,,,
7/13/2020,18.35175,,,
7/14/2020,19.43775,,,
7/15/2020,21.7915,,,
7/16/2020,22.893,,,
7/17/2020,22.3435,,,
7/18/2020,23.784,,,
7/19/2020,23.5125,,,
7/20/2020,21.644,,,
7/21/2020,19.2425,,,
7/22/2020,21.693,,,
7/23/2020,20.16575,,,
7/24/2020,20.63425,,,
7/25/2020,22.025,,,
7/26/2020,23.81525,,,
7/27/2020,25.1,,,
7/28/2020,20.84475,,,
7/29/2020,21.2,,,
7/30/2020,20.0885,,,
7/31/2020,20.48175,,,
8/1/2020,22.0765,,,
8/2/2020,21.45,,,
8/3/2020,20.193,,,
8/4/2020,19.09275,,,
8/5/2020,16.808,,,
8/6/2020,17.4935,,,
8/7/2020,19.179,,,
8/8/2020,20.2235,,,
8/9/2020,22.25,,,
8/10/2020,24.4855,,,
8/11/2020,22.5385,,,
8/12/2020,21.02075,,,
8/13/2020,22.22925,,,
8/14/2020,22.87225,,,
8/15/2020,21.8535,,,
8/16/2020,19.5895,,,
8/17/2020,18.333,,,
8/18/2020,16.731,,,
8/19/2020,15.19425,,,
8/20/2020,17.3945,,,
8/21/2020,21.009,,,
8/22/2020,21.9565,,,
8/23/2020,22.96375,,,
8/24/2020,22.9645,,,
8/25/2020,21.00975,,,
8/26/2020,16.45075,,,
8/27/2020,22.10125,,,
8/28/2020,18.525,,,
8/29/2020,19.74,,,
8/30/2020,15.885,,,
8/31/2020,17.531,,,
9/1/2020,20.91675,,,
9/2/2020,21.73775,,,
9/3/2020,19.37275,,,
9/4/2020,14.73925,,,
9/5/2020,14.66275,,,
9/6/2020,14.362,,,
9/7/2020,18.32875,,,
9/8/2020,13.5985,,,
9/9/2020,14.57575,,,
9/10/2020,15.94375,,,
9/11/2020,12.03375,,,
9/12/2020,14.7305,,,
9/13/2020,19.44675,,,
9/14/2020,12.37725,,,
9/15/2020,11.6945,,,
9/16/2020,16.621,,,
9/17/2020,13.35025,,,
9/18/2020,8.0965,,,
9/19/2020,7.7085,,,
9/20/2020,10.5775,,,
9/21/2020,11.78875,,,
9/22/2020,13.701,,,
9/23/2020,17.181,,,
9/24/2020,17.63875,,,
9/25/2020,18.19875,,,
9/26/2020,18.181,,,
9/27/2020,19.9235,,,
9/28/2020,19.609,,,
9/29/2020,13.83475,,,
9/30/2020,11.102,,,
10/1/2020,11.60875,,,
10/2/2020,9.2245,,,
10/3/2020,7.40925,,,
10/4/2020,7.58925,,,
10/5/2020,9.41675,,,
10/6/2020,11.45975,,,
10/7/2020,12.60025,,,
10/8/2020,8.986,,,
10/9/2020,10.7895,,,
10/10/2020,15.573,,,
10/11/2020,7.87025,,,
10/12/2020,11.8355,,,
10/13/2020,12.4385,,,
10/14/2020,10.88625,,,
10/15/2020,12.0695,,,
10/16/2020,6.18425,,,
10/17/2020,6.17825,,,
10/18/2020,10.7095,,,
10/19/2020,6.91875,,,
10/20/2020,7.00175,,,
10/21/2020,11.66775,,,
10/22/2020,9.04225,,,
10/23/2020,15.5605,,,
10/24/2020,5.3255,,,
10/25/2020,3.26775,,,
10/26/2020,4.947,,,
10/27/2020,4.255,,,
10/28/2020,4.11925,,,
10/29/2020,5.521,,,
10/30/2020,0.19075,,,
10/31/2020,1.13275,,,
11/1/2020,4.155,,,
11/2/2020,0.345,,,
11/3/2020,3.175,,,
11/4/2020,9.45125,,,
11/5/2020,12.61775,,,
11/6/2020,12.26525,,,
11/7/2020,12.9045,,,
11/8/2020,12.4245,,,
11/9/2020,13.698,,,
11/10/2020,15.33275,,,
11/11/2020,13.23375,,,
11/12/2020,4.92175,,,
11/13/2020,4.56325,,,
11/14/2020,2.2435,,,
11/15/2020,6.142,,,
11/16/2020,2.18125,,,
11/17/2020,-0.23,,,
11/18/2020,-1.823,,,
11/19/2020,5.7035,,,
11/20/2020,10.71725,,,
11/21/2020,3.061,,,
11/22/2020,0.1395,,,
11/23/2020,-0.579,,,
11/24/2020,-2.021,,,
11/25/2020,2.0195,,,
11/26/2020,6.50675,,,
11/27/2020,5.37,,,
11/28/2020,3.53575,,,
11/29/2020,4.10575,,,
11/30/2020,3.29275,,,
12/1/2020,-0.95075,,,
12/2/2020,0.341,,,
12/3/2020,1.132,,,
12/4/2020,1.6455,,,
12/5/2020,-1.698,,,
12/6/2020,-3.324,,,
12/7/2020,-3.23325,,,
12/8/2020,-2.253,,,
12/9/2020,1.16925,,,
12/10/2020,1.8615,,,
12/11/2020,2.6495,,,
12/12/2020,3.9735,,,
12/13/2020,1.748,,,
12/14/2020,-0.5225,,,
12/15/2020,-4.28725,,,
12/16/2020,-6.6415,,,
12/17/2020,-6.595,,,
12/18/2020,-4.86025,,,
12/19/2020,-1.2995,,,
12/20/2020,1.38075,,,
12/21/2020,0.55125,,,
12/22/2020,0.1875,,,
12/23/2020,1.25825,,,
12/24/2020,3.3085,,,
12/25/2020,-2.50375,,,
12/26/2020,-3.79425,,,
12/27/2020,-3.68475,,,
12/28/2020,1.00875,,,
12/29/2020,-4.19575,,,
12/30/2020,-0.23125,,,
12/31/2020,-0.9165,,,
1/1/2021,-1.49325,,,
1/2/2021,-1.5655,,,
1/3/2021,-2.234,,,
1/4/2021,-1.05325,,,
1/5/2021,-0.49,,,
1/6/2021,-2.2645,,,
1/7/2021,-4.726,,,
1/8/2021,-8.49475,,,
1/9/2021,-3.801,,,
1/10/2021,-4.1315,,,
1/11/2021,-2.317,,,
1/12/2021,-3.23325,,,
1/13/2021,-1.4255,,,
1/14/2021,0.937,,,
1/15/2021,1.86975,,,
1/16/2021,-0.2655,,,
1/17/2021,-0.0555,,,
1/18/2021,-2.923,,,
1/19/2021,-2.24425,,,
1/20/2021,-5.77875,,,
1/21/2021,-1.28375,,,
1/22/2021,-3.63125,,,
1/23/2021,-9.53075,,,
1/24/2021,-7.0875,,,
1/25/2021,-3.9215,,,
1/26/2021,-3.4625,,,
1/27/2021,-6.9815,,,
1/28/2021,-11.66925,,,
1/29/2021,-12.5825,,,
1/30/2021,-11.15425,,,
1/31/2021,-9.2365,,,
2/1/2021,-9.308,,,
2/2/2021,-6.2865,,,
2/3/2021,-4.575,,,
2/4/2021,-2.933,,,
2/5/2021,-3.9495,,,
2/6/2021,-8.686,,,
2/7/2021,-9.4325,,,
2/8/2021,-11.7775,,,
2/9/2021,-8.521,,,
2/10/2021,-9.86075,,,
2/11/2021,-9.978,,,
2/12/2021,-12.80675,,,
2/13/2021,-12.45025,,,
2/14/2021,-9.6205,,,
2/15/2021,-8.37625,,,
2/16/2021,-11.344,,,
2/17/2021,-11.009,,,
2/18/2021,-8.22125,,,
2/19/2021,-6.861,,,
2/20/2021,-8.09525,,,
2/21/2021,-8.383,,,
2/22/2021,-1.6175,,,
2/23/2021,0.10825,,,
2/24/2021,1.35725,,,
2/25/2021,-3.786,,,
2/26/2021,-3.0665,,,
2/27/2021,0.513,,,
2/28/2021,0.432,,,
3/1/2021,-2.0565,,,
3/2/2021,-7.77025,,,
3/3/2021,-0.0335,,,
3/4/2021,-5.97425,,,
3/5/2021,-6.308,,,
3/6/2021,-7.04775,,,
3/7/2021,-8.04575,,,
3/8/2021,-2.3845,,,
3/9/2021,2.211,,,
3/10/2021,5.27125,,,
3/11/2021,12.66575,,,
3/12/2021,2.906,,,
3/13/2021,-1.46875,,,
3/14/2021,-0.93375,,,
3/15/2021,-5.61775,,,
3/16/2021,-0.8495,,,
3/17/2021,3.52825,,,
3/18/2021,2.86475,,,
3/19/2021,-1.2535,,,
3/20/2021,4.871,,,
3/21/2021,6.693,,,
3/22/2021,8.34325,,,
3/23/2021,9.40175,,,
3/24/2021,9.649,,,
3/25/2021,10.489,,,
3/26/2021,5.63325,,,
3/27/2021,4.94275,,,
3/28/2021,4.846,,,
3/29/2021,1.3435,,,
3/30/2021,8.1225,,,
3/31/2021,8.418,,,
4/1/2021,-1.694,,,
4/2/2021,-2.0485,,,
4/3/2021,1.23125,,,
4/4/2021,5.39875,,,
4/5/2021,6.81975,,,
4/6/2021,7.979,,,
4/7/2021,9.78375,,,
4/8/2021,12.5435,,,
4/9/2021,12.7535,,,
4/10/2021,13.2775,,,
4/11/2021,12.90125,,,
4/12/2021,8.1325,,,
4/13/2021,9.40875,,,
4/14/2021,8.7955,,,
4/15/2021,4.22375,,,
4/16/2021,3.689,,,
4/17/2021,5.96925,,,
4/18/2021,7.67225,,,
4/19/2021,7.9435,,,
4/20/2021,2.651,,,
4/21/2021,0.2805,,,
4/22/2021,1.1105,,,
4/23/2021,6.8,,,
4/24/2021,10.11725,,,
4/25/2021,6.57375,,,
4/26/2021,3.79075,,,
4/27/2021,7.92,,,
4/28/2021,11.65475,,,
4/29/2021,9.736,,,
4/30/2021,6.64475,,,
5/1/2021,6.14175,,,
5/2/2021,12.023,,,
5/3/2021,8.8865,,,
5/4/2021,8.82675,,,
5/5/2021,8.14525,,,
5/6/2021,7.13075,,,
5/7/2021,6.90125,,,
5/8/2021,6.82875,,,
5/9/2021,6.50275,,,
5/10/2021,6.25475,,,
5/11/2021,4.38225,,,
5/12/2021,8.556,,,
5/13/2021,11.243,,,
5/14/2021,12.61125,,,
5/15/2021,13.22325,,,
5/16/2021,14.009,,,
5/17/2021,15.48025,,,
5/18/2021,17.99525,,,
5/19/2021,19.0865,,,
5/20/2021,19.34425,,,
5/21/2021,21.68175,,,
5/22/2021,20.855,,,
5/23/2021,18.3515,,,
5/24/2021,15.05525,,,
5/25/2021,20.392,,,
5/26/2021,18.96675,,,
5/27/2021,10.4145,,,
5/28/2021,4.22575,,,
5/29/2021,8.08325,,,
5/30/2021,11.214,,,
5/31/2021,14.0335,,,
6/1/2021,17.12525,,,
6/2/2021,16.82325,,,
6/3/2021,17.00475,,,
6/4/2021,19.4115,,,
6/5/2021,22.51375,,,
6/6/2021,23.859,,,
6/7/2021,23.22025,,,
6/8/2021,22.523,,,
6/9/2021,22.9585,,,
6/10/2021,19.6275,,,
6/11/2021,19.01125,,,
6/12/2021,18.97375,,,
6/13/2021,19.78675,,,
6/14/2021,16.96325,,,
6/15/2021,15.2595,,,
6/16/2021,13.0255,,,
6/17/2021,16.193,,,
6/18/2021,18.8395,,,
6/19/2021,20.582,,,
6/20/2021,19.434,,,
6/21/2021,18.85225,,,
6/22/2021,13.279,,,
6/23/2021,15.09975,,,
6/24/2021,20.782,,,
6/25/2021,20.5355,,,
6/26/2021,22.1105,,,
6/27/2021,24.8795,,,
6/28/2021,24.9415,,,
6/29/2021,23.71575,,,
6/30/2021,22.75475,,,
7/1/2021,18.952,,,
7/2/2021,16.15425,,,
7/3/2021,17.92,,,
7/4/2021,19.219,,,
7/5/2021,22.6365,,,
7/6/2021,25.0275,,,
7/7/2021,19.4465,,,
7/8/2021,14.8715,,,
7/9/2021,16.83975,,,
7/10/2021,18.317,,,
7/11/2021,17.31575,,,
7/12/2021,18.52675,,,
7/13/2021,20.69075,,,
7/14/2021,22.50775,,,
7/15/2021,22.49525,,,
7/16/2021,19.237,,,
7/17/2021,16.99825,,,
7/18/2021,21.96825,,,
7/19/2021,22.96625,,,
7/20/2021,22.04675,,,
7/21/2021,16.85825,,,
7/22/2021,18.52275,,,
7/23/2021,19.49975,,,
7/24/2021,20.123,,,
7/25/2021,22.41175,,,
7/26/2021,23.0755,,,
7/27/2021,20.0285,,,
7/28/2021,19.567,,,
7/29/2021,18.853,,,
7/30/2021,16.59025,,,
7/31/2021,15.292,,,
8/1/2021,16.31025,,,
8/2/2021,17.58375,,,
8/3/2021,19.151,,,
8/4/2021,20.615,,,
8/5/2021,21.3165,,,
8/6/2021,21.9255,,,
8/7/2021,22.5845,,,
8/8/2021,22.578,,,
8/9/2021,24.51075,,,
8/10/2021,23.7075,,,
8/11/2021,25.27375,,,
8/12/2021,24.111,,,
8/13/2021,23.02975,,,
8/14/2021,18.343,,,
8/15/2021,17.15425,,,
8/16/2021,19.19425,,,
8/17/2021,21.927,,,
8/18/2021,22.57075,,,
8/19/2021,22.8725,,,
8/20/2021,23.04225,,,
8/21/2021,24.3,,,
8/22/2021,24.93775,,,
8/23/2021,24.5495,,,
8/24/2021,24.085,,,
8/25/2021,25.46925,,,
8/26/2021,25.22925,,,
8/27/2021,21.587,,,
8/28/2021,22.42,,,
8/29/2021,24.20675,,,
8/30/2021,22.2365,,,
8/31/2021,19.302,,,
9/1/2021,17.65525,,,
9/2/2021,14.97675,,,
9/3/2021,15.1685,,,
9/4/2021,17.60575,,,
9/5/2021,19.71375,,,
9/6/2021,16.589,,,
9/7/2021,17.7705,,,
9/8/2021,18.67575,,,
9/9/2021,14.8815,,,
9/10/2021,15.34325,,,
9/11/2021,18.90625,,,
9/12/2021,21.3035,,,
9/13/2021,16.05075,,,
9/14/2021,19.87625,,,
9/15/2021,17.68825,,,
9/16/2021,16.263,,,
9/17/2021,18.8625,,,
9/18/2021,17.82075,,,
9/19/2021,14.14175,,,
9/20/2021,16.75925,,,
9/21/2021,20.8725,,,
9/22/2021,14.8605,,,
9/23/2021,13.1825,,,
9/24/2021,12.3045,,,
9/25/2021,13.1965,,,
9/26/2021,12.3705,,,
9/27/2021,16.55175,,,
9/28/2021,11.60225,,,
9/29/2021,12.04825,,,
9/30/2021,10.02775,,,
10/1/2021,11.79175,,,
10/2/2021,17.55625,,,
10/3/2021,17.4395,,,
10/4/2021,14.4165,,,
10/5/2021,15.56675,,,
10/6/2021,15.00425,,,
10/7/2021,16.15475,,,
10/8/2021,16.512,,,
10/9/2021,17.174,,,
10/10/2021,16.822,,,
10/11/2021,18.20625,,,
10/12/2021,17.86,,,
10/13/2021,16.6285,,,
10/14/2021,17.02975,,,
10/15/2021,16.92475,,,
10/16/2021,11.9235,,,
10/17/2021,9.901,,,
10/18/2021,7.65075,,,
10/19/2021,11.195,,,
10/20/2021,14.43525,,,
10/21/2021,14.3555,,,
10/22/2021,6.569,,,
10/23/2021,5.12525,,,
10/24/2021,7.0365,,,
10/25/2021,6.9585,,,
10/26/2021,4.699,,,
10/27/2021,9.06425,,,
10/28/2021,7.69325,,,
10/29/2021,10.0515,,,
10/30/2021,7.9665,,,
10/31/2021,9.9355,,,
11/1/2021,6.34625,,,
11/2/2021,3.125,,,
11/3/2021,1.8695,,,
11/4/2021,1.82525,,,
11/5/2021,2.51275,,,
11/6/2021,4.21825,,,
11/7/2021,7.17775,,,
11/8/2021,10.597,,,
11/9/2021,9.718,,,
11/10/2021,6.88375,,,
11/11/2021,8.3005,,,
11/12/2021,9.25725,,,
11/13/2021,3.5265,,,
11/14/2021,1.94525,,,
11/15/2021,1.8265,,,
11/16/2021,2.33175,,,
11/17/2021,6.003,,,
11/18/2021,7.254,,,
11/19/2021,1.31975,,,
11/20/2021,2.02625,,,
11/21/2021,3.93225,,,
11/22/2021,0.26075,,,
11/23/2021,-0.888,,,
11/24/2021,1.56025,,,
11/25/2021,4.73325,,,
11/26/2021,-0.807,,,
11/27/2021,-1.9875,,,
11/28/2021,-1.724,,,
11/29/2021,-3.06375,,,
11/30/2021,-0.969,,,
12/1/2021,1.03375,,,
12/2/2021,4.685,,,
12/3/2021,-0.178,,,
12/4/2021,0.68025,,,
12/5/2021,-0.08975,,,
12/6/2021,3.121,,,
12/7/2021,-3.26125,,,
12/8/2021,-4.654,,,
12/9/2021,-4.061,,,
12/10/2021,1.15275,,,
12/11/2021,8.45625,,,
12/12/2021,2.24225,,,
12/13/2021,3.91675,,,
12/14/2021,2.4625,,,
12/15/2021,4.4895,,,
12/16/2021,11.8465,,,
12/17/2021,1.89475,,,
12/18/2021,-1.752,,,
12/19/2021,-6.811,,,
12/20/2021,-3.55775,,,
12/21/2021,-1.19025,,,
12/22/2021,-2.49225,,,
12/23/2021,-5.222,,,
12/24/2021,-0.75675,,,
12/25/2021,2.203,,,
12/26/2021,-0.1175,,,
12/27/2021,-2.4535,,,
12/28/2021,0.577,,,
12/29/2021,-0.136,,,
12/30/2021,0.26875,,,
12/31/2021,2.12325,,,
1/1/2022,1.608,,,
1/2/2022,-6.1875,,,
1/3/2022,-8.85125,,,
1/4/2022,-3.987,,,
1/5/2022,-0.2875,,,
1/6/2022,-5.14325,,,
1/7/2022,-8.0245,,,
1/8/2022,-7.6745,,,
1/9/2022,-0.66275,,,
1/10/2022,-9.3305,,,
1/11/2022,-14.78075,,,
1/12/2022,-1.932,,,
1/13/2022,-2.65825,,,
1/14/2022,-10.00425,,,
1/15/2022,-17.35075,,,
1/16/2022,-8.52225,,,
1/17/2022,-5.02275,,,
1/18/2022,-7.41125,,,
1/19/2022,-0.89425,,,
1/20/2022,-14.52125,,,
1/21/2022,-16.815,,,
1/22/2022,-11.829,,,
1/23/2022,-10.1585,,,
1/24/2022,-11.6405,,,
1/25/2022,-11.12125,,,
1/26/2022,-14.42675,,,
1/27/2022,-8.96325,,,
1/28/2022,-14.8885,,,
1/29/2022,-17.50075,,,
1/30/2022,-11.63425,,,
1/31/2022,-8.72,,,
2/1/2022,-5.4075,,,
2/2/2022,0.2105,,,
2/3/2022,-7.88825,,,
2/4/2022,-13.45925,,,
2/5/2022,-14.97125,,,
2/6/2022,-7.172,,,
2/7/2022,-3.7055,,,
2/8/2022,-6.9735,,,
2/9/2022,-3.4625,,,
2/10/2022,-0.49675,,,
2/11/2022,-1.33525,,,
2/12/2022,-5.2835,,,
2/13/2022,-14.828,,,
2/14/2022,-13.76575,,,
2/15/2022,-9.26225,,,
2/16/2022,0.6025,,,
2/17/2022,2.41225,,,
2/18/2022,-9.75725,,,
2/19/2022,-8.82225,,,
2/20/2022,-5.41925,,,
2/21/2022,0.85175,,,
2/22/2022,-0.028,,,
2/23/2022,-3.32525,,,
2/24/2022,-9.50125,,,
2/25/2022,-9.67875,,,
2/26/2022,-8.79325,,,
2/27/2022,-4.67,,,
2/28/2022,-10.31925,,,
3/1/2022,-2.9945,,,
3/2/2022,-3.0885,,,
3/3/2022,-8.426,,,
3/4/2022,-6.81,,,
3/5/2022,-3.162,,,
3/6/2022,5.8255,,,
3/7/2022,-0.248,,,
3/8/2022,-2.8075,,,
3/9/2022,-1.361,,,
3/10/2022,-1.252,,,
3/11/2022,-1.837,,,
3/12/2022,-6.5715,,,
3/13/2022,-7.245,,,
3/14/2022,-0.638,,,
3/15/2022,-0.11225,,,
3/16/2022,1.06,,,
3/17/2022,8.531,,,
3/18/2022,7.62325,,,
3/19/2022,5.889,,,
3/20/2022,4.1705,,,
3/21/2022,4.40075,,,
3/22/2022,1.89125,,,
3/23/2022,1.078,,,
3/24/2022,6.6905,,,
3/25/2022,3.22675,,,
3/26/2022,2.411,,,
3/27/2022,-5.20225,,,
3/28/2022,-9.28575,,,
3/29/2022,-4.8705,,,
3/30/2022,-1.5085,,,
3/31/2022,8.86575,,,
4/1/2022,0.598,,,
4/2/2022,1.029,,,
4/3/2022,1.951,,,
4/4/2022,2.39425,,,
4/5/2022,4.703,,,
4/6/2022,7.19275,,,
4/7/2022,8.713,,,
4/8/2022,4.905,,,
4/9/2022,3.539,,,
4/10/2022,2.39975,,,
4/11/2022,5.71325,,,
4/12/2022,10.0945,,,
4/13/2022,13.15875,,,
4/14/2022,11.7725,,,
4/15/2022,7.5525,,,
4/16/2022,3.1275,,,
4/17/2022,1.2145,,,
4/18/2022,1.59575,,,
4/19/2022,1.89925,,,
4/20/2022,4.04075,,,
4/21/2022,7.352,,,
4/22/2022,6.922,,,
4/23/2022,6.02225,,,
4/24/2022,10.258,,,
4/25/2022,12.6745,,,
4/26/2022,5.94725,,,
4/27/2022,0.10375,,,
4/28/2022,2.14925,,,
4/29/2022,4.93775,,,
4/30/2022,7.09575,,,
5/1/2022,7.23625,,,
5/2/2022,9.7335,,,
5/3/2022,9.56,,,
5/4/2022,9.70275,,,
5/5/2022,8.82325,,,
5/6/2022,10.5645,,,
5/7/2022,9.33425,,,
5/8/2022,8.927,,,
5/9/2022,11.33025,,,
5/10/2022,13.79775,,,
5/11/2022,16.8135,,,
5/12/2022,18.4045,,,
5/13/2022,19.01425,,,
5/14/2022,18.96,,,
5/15/2022,20.214,,,
5/16/2022,12.76175,,,
5/17/2022,9.44975,,,
5/18/2022,8.83825,,,
5/19/2022,12.613,,,
5/20/2022,17.35875,,,
5/21/2022,20.93325,,,
5/22/2022,13.13425,,,
5/23/2022,10.167,,,
5/24/2022,11.482,,,
5/25/2022,13.3235,,,
5/26/2022,18.12225,,,
5/27/2022,18.46375,,,
5/28/2022,15.38775,,,
5/29/2022,17.5,,,
5/30/2022,21.1605,,,
5/31/2022,23.67825,,,
6/1/2022,21.24875,,,
6/2/2022,14.563,,,
6/3/2022,15.34225,,,
6/4/2022,12.2315,,,
6/5/2022,15.23825,,,
6/6/2022,15.7025,,,
6/7/2022,16.1615,,,
6/8/2022,15.38275,,,
6/9/2022,14.5815,,,
6/10/2022,15.16825,,,
6/11/2022,16.913,,,
6/12/2022,17.36875,,,
6/13/2022,15.76425,,,
6/14/2022,18.76375,,,
6/15/2022,20.2595,,,
6/16/2022,23.24725,,,
6/17/2022,18.71175,,,
6/18/2022,11.811,,,
6/19/2022,12.68025,,,
6/20/2022,16.5175,,,
6/21/2022,22.405,,,
6/22/2022,25.60525,,,
6/23/2022,19.167,,,
6/24/2022,19.7675,,,
6/25/2022,22.8635,,,
6/26/2022,22.39725,,,
6/27/2022,15.457,,,
6/28/2022,15.94575,,,
6/29/2022,16.6935,,,
6/30/2022,19.3715,,,
7/1/2022,22.2215,,,
7/2/2022,19.10275,,,
7/3/2022,18.11225,,,
7/4/2022,19.86825,,,
7/5/2022,18.54225,,,
7/6/2022,18.19825,,,
7/7/2022,19.14775,,,
7/8/2022,19.91,,,
7/9/2022,16.5865,,,
7/10/2022,19.53875,,,
7/11/2022,21.5795,,,
7/12/2022,21.59775,,,
7/13/2022,17.787,,,
7/14/2022,18.3825,,,
7/15/2022,19.14625,,,
7/16/2022,21.5825,,,
7/17/2022,21.77725,,,
7/18/2022,21.30975,,,
7/19/2022,24.7425,,,
7/20/2022,26.39125,,,
7/21/2022,23.19925,,,
7/22/2022,23.526,,,
7/23/2022,25.9635,,,
7/24/2022,21.92375,,,
7/25/2022,19.0755,,,
7/26/2022,18.795,,,
7/27/2022,21.22575,,,
7/28/2022,22.33175,,,
7/29/2022,20.23825,,,
7/30/2022,19.515,,,
7/31/2022,21.9635,,,
8/1/2022,22.17,,,
8/2/2022,20.361,,,
8/3/2022,19.968,,,
8/4/2022,23.816,,,
8/5/2022,22.766,,,
8/6/2022,25.19525,,,
8/7/2022,26.98375,,,
8/8/2022,23.74275,,,
8/9/2022,19.35925,,,
8/10/2022,19.906,,,
8/11/2022,19.56175,,,
8/12/2022,17.434,,,
8/13/2022,18.26725,,,
8/14/2022,19.1635,,,
8/15/2022,20.4835,,,
8/16/2022,19.46625,,,
8/17/2022,20.40275,,,
8/18/2022,20.71375,,,
8/19/2022,21.96675,,,
8/20/2022,23.40375,,,
8/21/2022,20.6285,,,
8/22/2022,19.50725,,,
8/23/2022,20.82425,,,
8/24/2022,21.401,,,
8/25/2022,19.356,,,
8/26/2022,19.12425,,,
8/27/2022,16.61625,,,
8/28/2022,19.94325,,,
8/29/2022,23.7115,,,
8/30/2022,21.5165,,,
8/31/2022,18.89475,,,
9/1/2022,16.356,,,
9/2/2022,20.30025,,,
9/3/2022,22.4685,,,
9/4/2022,17.375,,,
9/5/2022,17.35175,,,
9/6/2022,17.19625,,,
9/7/2022,18.3755,,,
9/8/2022,18.34075,,,
9/9/2022,19.43425,,,
9/10/2022,21.07225,,,
9/11/2022,19.24,,,
9/12/2022,18.9525,,,
9/13/2022,15.64025,,,
9/14/2022,16.5275,,,
9/15/2022,11.9445,,,
9/16/2022,15.59225,,,
9/17/2022,18.1245,,,
9/18/2022,20.096,,,
9/19/2022,19.87075,,,
9/20/2022,18.36025,,,
9/21/2022,20.45,,,
9/22/2022,12.54825,,,
9/23/2022,7.92325,,,
9/24/2022,11.3845,,,
9/25/2022,13.49825,,,
9/26/2022,11.71275,,,
9/27/2022,12.04875,,,
9/28/2022,10.4155,,,
9/29/2022,9.8915,,,
9/30/2022,10.44675,,,
10/1/2022,12.3555,,,
10/2/2022,9.14125,,,
10/3/2022,8.185,,,
10/4/2022,10.76425,,,
10/5/2022,14.68475,,,
10/6/2022,15.90575,,,
10/7/2022,8.7165,,,
10/8/2022,5.70475,,,
10/9/2022,8.9585,,,
10/10/2022,8.419,,,
10/11/2022,12.3835,,,
10/12/2022,15.244,,,
10/13/2022,12.5975,,,
10/14/2022,7.57875,,,
10/15/2022,9.05,,,
10/16/2022,8.21025,,,
10/17/2022,6.58525,,,
10/18/2022,3.09625,,,
10/19/2022,4.7035,,,
10/20/2022,3.08775,,,
10/21/2022,7.4365,,,
10/22/2022,13.61175,,,
10/23/2022,13.0975,,,
10/24/2022,11.98875,,,
10/25/2022,13.033,,,
10/26/2022,11.8845,,,
10/27/2022,6.01525,,,
10/28/2022,4.94025,,,
10/29/2022,7.04075,,,
10/30/2022,8.3685,,,
10/31/2022,8.70075,,,
11/1/2022,13.12075,,,
11/2/2022,10.30225,,,
11/3/2022,10.2375,,,
11/4/2022,13.013,,,
11/5/2022,17.889,,,
11/6/2022,14.31175,,,
11/7/2022,9.33325,,,
11/8/2022,4.1825,,,
11/9/2022,6.5855,,,
11/10/2022,12.6135,,,
11/11/2022,11.876,,,
11/12/2022,6.47175,,,
11/13/2022,0.8655,,,
11/14/2022,-1.0925,,,
11/15/2022,-1.9065,,,
11/16/2022,-2.68875,,,
11/17/2022,-3.5285,,,
11/18/2022,-2.97825,,,
11/19/2022,-5.1485,,,
11/20/2022,-6.10375,,,
11/21/2022,-2.7265,,,
11/22/2022,-1.5635,,,
11/23/2022,0.77475,,,
11/24/2022,3.00575,,,
11/25/2022,4.426,,,
11/26/2022,4.52675,,,
11/27/2022,3.71825,,,
11/28/2022,1.55425,,,
11/29/2022,1.9245,,,
11/30/2022,3.62225,,,
12/1/2022,-1.09025,,,
12/2/2022,0.417,,,
12/3/2022,4.68525,,,
12/4/2022,-0.9975,,,
12/5/2022,1.1445,,,
12/6/2022,3.017,,,
12/7/2022,4.5865,,,
12/8/2022,1.891,,,
12/9/2022,-1.19975,,,
12/10/2022,-2.69425,,,
12/11/2022,-1.631,,,
12/12/2022,-4.05975,,,
12/13/2022,-5.97525,,,
12/14/2022,-4.98,,,
12/15/2022,-0.2825,,,
12/16/2022,-0.37025,,,
12/17/2022,-4.2725,,,
12/18/2022,-3.17275,,,
12/19/2022,-3.4565,,,
12/20/2022,-5.0135,,,
12/21/2022,-4.69625,,,
12/22/2022,-0.66825,,,
12/23/2022,-4.6875,,,
12/24/2022,-11.8185,,,
12/25/2022,-7.793,,,
12/26/2022,-8.415,,,
12/27/2022,-6.206,,,
12/28/2022,-0.769,,,
12/29/2022,3.3345,,,
12/30/2022,7.27225,,,
12/31/2022,5.448,,,
1/1/2023,1.84525,,,
1/2/2023,2.4455,,,
1/3/2023,1.7125,,,
1/4/2023,1.976,,,
1/5/2023,2.42125,,,
1/6/2023,1.6585,,,
1/7/2023,-0.97925,,,
1/8/2023,-3.11175,,,
1/9/2023,-1.20025,,,
1/10/2023,-2.03775,,,
1/11/2023,-2.55325,,,
1/12/2023,0.12375,,,
1/13/2023,-4.07875,,,
1/14/2023,-8.993,,,
1/15/2023,-7.1005,,,
1/16/2023,-4.061,,,
1/17/2023,-0.27025,,,
1/18/2023,1.675,,,
1/19/2023,0.2585,,,
1/20/2023,0.38875,,,
1/21/2023,-1.6665,,,
1/22/2023,-1.49525,,,
1/23/2023,-1.7275,,,
1/24/2023,-1.1085,,,
1/25/2023,-1.352,,,
1/26/2023,-2.52775,,,
1/27/2023,-3.6915,,,
1/28/2023,-2.39425,,,
1/29/2023,-4.4585,,,
1/30/2023,-9.31725,,,
1/31/2023,-10.8365,,,
2/1/2023,-12.27975,,,
2/2/2023,-6.829,,,
2/3/2023,-17.6065,,,
2/4/2023,-16.0595,,,
2/5/2023,-0.36525,,,
2/6/2023,-4.82825,,,
2/7/2023,-1.48025,,,
2/8/2023,-0.37375,,,
2/9/2023,-0.07125,,,
2/10/2023,1.064,,,
2/11/2023,-2.42525,,,
2/12/2023,1.13875,,,
2/13/2023,1.62575,,,
2/14/2023,2.17375,,,
2/15/2023,7.43625,,,
2/16/2023,0.7185,,,
2/17/2023,-7.00425,,,
2/18/2023,-5.54025,,,
2/19/2023,1.44825,,,
2/20/2023,1.806,,,
2/21/2023,0.0445,,,
2/22/2023,-3.32525,,,
2/23/2023,-7.44425,,,
2/24/2023,-9.98475,,,
2/25/2023,-9.04925,,,
2/26/2023,-3.49725,,,
2/27/2023,-5.489,,,
2/28/2023,-0.1515,,,
3/1/2023,-2.25625,,,
3/2/2023,-0.303,,,
3/3/2023,-1.87275,,,
3/4/2023,-1.429,,,
3/5/2023,-1.51875,,,
3/6/2023,-1.992,,,
3/7/2023,-2.53125,,,
3/8/2023,-3.449,,,
3/9/2023,-2.63275,,,
3/10/2023,-1.588,,,
3/11/2023,-5.0845,,,
3/12/2023,-5.737,,,
3/13/2023,-3.43375,,,
3/14/2023,-4.86025,,,
3/15/2023,-3.73175,,,
3/16/2023,0.97825,,,
3/17/2023,3,,,
3/18/2023,-3.164,,,
3/19/2023,-4.25625,,,
3/20/2023,-0.32025,,,
3/21/2023,2.319,,,
3/22/2023,2.87525,,,
3/23/2023,4.1615,,,
3/24/2023,0.023,,,
3/25/2023,1.43475,,,
3/26/2023,2.597,,,
3/27/2023,1.53275,,,
3/28/2023,2.6825,,,
3/29/2023,0.31725,,,
3/30/2023,-2.16275,,,
3/31/2023,0.2475,,,
4/1/2023,5.82,,,
4/2/2023,-1.73675,,,
4/3/2023,5.12875,,,
4/4/2023,6.48825,,,
4/5/2023,5.289,,,
4/6/2023,7.89375,,,
4/7/2023,1.224,,,
4/8/2023,1.2765,,,
4/9/2023,3.5955,,,
4/10/2023,11.42,,,
4/11/2023,13.37875,,,
4/12/2023,16.77175,,,
4/13/2023,18.1875,,,
4/15/2023,18.706,,,
4/16/2023,17.31675,,,
4/17/2023,6.483,,,
4/18/2023,1.94625,,,
4/19/2023,2.98975,,,
4/20/2023,5.266,,,
4/21/2023,10.38825,,,
4/22/2023,7.5795,,,
4/23/2023,4.955,,,
4/24/2023,4.12125,,,
4/25/2023,4.4315,,,
4/26/2023,4.049,,,
4/27/2023,5.22925,,,
4/28/2023,7.95925,,,
4/29/2023,7.4125,,,
4/30/2023,7.53225,,,
5/1/2023,6.18775,,,
5/2/2023,3.87625,,,
5/3/2023,4.9165,,,
5/4/2023,7.5645,,,
5/5/2023,9.32225,,,
5/6/2023,11.267,,,
5/7/2023,10.7355,,,
5/8/2023,11.69475,,,
5/9/2023,10.1775,,,
5/10/2023,13.34575,,,
5/11/2023,17.0895,,,
5/12/2023,18.615,,,
5/13/2023,15.8,,,
5/14/2023,10.3745,,,
5/15/2023,12.1755,,,
5/16/2023,13.664,,,
5/17/2023,4.9125,,,
5/18/2023,7.037,,,
5/19/2023,13.2255,,,
5/20/2023,12.76725,,,
5/21/2023,14.7385,,,
5/22/2023,12.4245,,,
5/23/2023,14.50425,,,
5/24/2023,12.05625,,,
5/25/2023,8.3825,,,
5/26/2023,11.829,,,
5/27/2023,15.95225,,,
5/28/2023,17.5355,,,
5/29/2023,18.3505,,,
5/30/2023,19.60575,,,
5/31/2023,22.21875,,,
6/1/2023,23.1125,,,
6/2/2023,22.4765,,,
6/3/2023,18.8735,,,
6/4/2023,16.29675,,,
6/5/2023,17.46675,,,
6/6/2023,16.04825,,,
6/7/2023,13.572,,,
6/8/2023,14.3975,,,
6/9/2023,14.36025,,,
6/10/2023,18.09975,,,
6/11/2023,16.901,,,
6/12/2023,14.29325,,,
6/13/2023,12.49075,,,
6/14/2023,13.75525,,,
6/15/2023,15.40175,,,
6/16/2023,15.9315,,,
6/17/2023,16.65225,,,
6/18/2023,18.2625,,,
6/19/2023,18.48125,,,
6/20/2023,19.85625,,,
6/21/2023,20.39725,,,
6/22/2023,19.8005,,,
6/23/2023,19.0915,,,
6/24/2023,20.37925,,,
6/25/2023,21.2255,,,
6/26/2023,19.907,,,
6/27/2023,17.90375,,,
6/28/2023,16.80575,,,
6/29/2023,17.81525,,,
6/30/2023,19.988,,,
7/1/2023,22.127,,,
7/2/2023,20.7835,,,
7/3/2023,20.5205,,,
7/4/2023,23.79525,,,
7/5/2023,24.26575,,,
7/6/2023,23.53925,,,
7/7/2023,19.585,,,
7/8/2023,17.93275,,,
7/9/2023,18.445,,,
7/10/2023,20.5905,,,
7/11/2023,21.80525,,,
7/12/2023,17.94675,,,
7/13/2023,19.36925,,,
7/14/2023,19.21325,,,
7/15/2023,19.019,,,
7/16/2023,20.99625,,,
7/17/2023,20.525,,,
7/18/2023,19.57575,,,
7/19/2023,18.914,,,
7/20/2023,20.4695,,,
7/21/2023,19.297,,,
7/22/2023,20.14875,,,
7/23/2023,19.86875,,,
7/24/2023,20.82975,,,
7/25/2023,21.78975,,,
7/26/2023,22.26675,,,
7/27/2023,23.493,,,
7/28/2023,24.34,,,
7/29/2023,18.8155,,,
7/30/2023,17.70525,,,
7/31/2023,16.8915,,,
8/1/2023,17.10375,,,
8/2/2023,18.71725,,,
8/3/2023,21.804,,,
8/4/2023,20.861,,,
8/5/2023,18.56375,,,
8/6/2023,18.72575,,,
8/7/2023,20.98625,,,
8/8/2023,19.35425,,,
8/9/2023,21.24525,,,
8/10/2023,19.22525,,,
8/11/2023,19.25375,,,
8/12/2023,21.1545,,,
8/13/2023,18.368,,,
8/14/2023,18.57675,,,
8/15/2023,18.31775,,,
8/16/2023,20.48475,,,
8/17/2023,20.2355,,,
8/18/2023,15.77825,,,
8/19/2023,17.63975,,,
8/20/2023,20.8745,,,
8/21/2023,20.1555,,,
8/22/2023,17.632,,,
8/23/2023,16.29375,,,
8/24/2023,18.85475,,,
8/25/2023,20.70475,,,
8/26/2023,18.3745,,,
8/27/2023,15.00425,,,
8/28/2023,16.509,,,
8/29/2023,17.62625,,,
8/30/2023,15.37375,,,
8/31/2023,14.4485,,,
9/1/2023,17.055,,,
9/2/2023,18.213,,,
9/3/2023,22.47975,,,
9/4/2023,25.261,,,
9/5/2023,25.5045,,,
9/6/2023,25.3635,,,
9/7/2023,20.851,,,
9/8/2023,16.43775,,,
9/9/2023,15.64425,,,
9/10/2023,17.86525,,,
9/11/2023,17.63925,,,
9/12/2023,17.747,,,
9/13/2023,13.8875,,,
9/14/2023,12.53825,,,
9/15/2023,13.24575,,,
9/16/2023,14.77625,,,
9/17/2023,16.214,,,
9/18/2023,13.957,,,
9/19/2023,12.737,,,
9/20/2023,12.71525,,,
9/21/2023,16.10225,,,
9/22/2023,16.507,,,
9/23/2023,15.37175,,,
9/24/2023,15.53575,,,
9/25/2023,16.11475,,,
9/26/2023,15.961,,,
9/27/2023,15.26425,,,
9/28/2023,14.98325,,,
9/29/2023,15.4725,,,
9/30/2023,16.724,,,
10/1/2023,18.1315,,,
10/2/2023,20.25275,,,
10/3/2023,21.76975,,,
10/4/2023,21.45225,,,
10/5/2023,20.861,,,
10/6/2023,16.566,,,
10/7/2023,10.28575,,,
10/8/2023,7.46975,,,
10/9/2023,8.443,,,
10/10/2023,8.6565,,,
10/11/2023,8.9835,,,
10/12/2023,8.604,,,
10/13/2023,8.6805,,,
10/14/2023,10.2485,,,
10/15/2023,7.459,,,
10/16/2023,9.7325,,,
10/17/2023,10.2025,,,
10/18/2023,9.23725,,,
10/19/2023,11.0375,,,
10/20/2023,12.33375,,,
10/21/2023,9.00025,,,
10/22/2023,6.2265,,,
10/23/2023,6.129,,,
10/24/2023,12.3155,,,
10/25/2023,17.738,,,
10/26/2023,17.2075,,,
10/28/2023,11.65725,,,
10/29/2023,4.8885,,,
10/30/2023,2.35375,,,
10/31/2023,0.66525,,,
11/1/2023,-0.65425,,,
11/2/2023,2.565,,,
11/3/2023,8.6285,,,
11/4/2023,9.53175,,,
11/5/2023,5.37125,,,
11/6/2023,8.153,,,
11/7/2023,7.435,,,
11/8/2023,-1.0495,,,
11/9/2023,4.121,,,
11/10/2023,4.674,,,
11/11/2023,1.0745,,,
11/12/2023,0.61875,,,
11/13/2023,4.70375,,,
11/14/2023,4.268,,,
11/15/2023,6.553,,,
11/16/2023,7.48525,,,
11/17/2023,8.86,,,
11/18/2023,2.188,,,
11/19/2023,1.8065,,,
11/20/2023,-2.0625,,,
11/21/2023,1.255,,,
11/22/2023,4.061,,,
11/23/2023,2.26375,,,
11/24/2023,-2.376,,,
11/25/2023,-0.8425,,,
11/26/2023,0.693,,,
11/27/2023,-0.22025,,,
11/28/2023,-4.2495,,,
11/29/2023,-3.57175,,,
11/30/2023,2.306,,,
12/1/2023,2.67325,,,
12/2/2023,0.8465,,,
12/3/2023,0.95525,,,
12/4/2023,1.795,,,
12/5/2023,-0.14275,,,
12/6/2023,-1.92125,,,
12/7/2023,1.6645,,,
12/8/2023,4.21575,,,
12/9/2023,8.59625,,,
12/10/2023,5.666,,,
12/11/2023,-0.17675,,,
12/12/2023,0.38625,,,
12/13/2023,-0.6675,,,
12/14/2023,1.0145,,,
12/15/2023,5.24225,,,
12/16/2023,4.315,,,
12/17/2023,4.94475,,,
12/18/2023,3.577,,,
12/19/2023,-3.26625,,,
12/20/2023,-0.49925,,,
12/21/2023,-1.813,,,
12/22/2023,-2.70125,,,
12/23/2023,0.51975,,,
12/24/2023,1.72325,,,
12/25/2023,3.9965,,,
12/26/2023,4.785,,,
12/27/2023,6.25175,,,
12/28/2023,5.39825,,,
12/29/2023,4.91375,,,
12/30/2023,0.02725,,,
12/31/2023,-0.37425,,,
